;;;;;;;;;;;;;;;;;;;;;;;;;;;;;;;;;;;;;;;;;;;;;;;;;;;;;;;;;;;;;;;;;;;;;
Shipment Creation/Booking Date (Year);Shipment Creation/Booking Date (Year/Month);Shipment Creation/Booking Date (Day);Link to myKN Track;Invoice Numbers;KN Origin Reference;Shipment Tracking Number;HBL/HAWB/COMMREF;MAWB/OBL/MANIFEST#;ABO;Origin Office Location Code;Origin Office Country Code;Destination Office Location Code;Destination Office Country Code;Shipper Name;Shipper Street;Shipper ZIP Code;Shipper City;Shipper Country;Shipper Country / UN Code;Consignee Name;Consignee Street;Consignee ZIP Code;Consignee City;Consignee Country;Consignee Country / UN Code;Delivery Terms;Delivery Terms (Location);Mode of Transport;Shipment Type;Carrier Code (SCAC);Flight / Vessel;Departure;Departure (UN Code);Departure (Country UN Code);Destination;Destination (UN Code);Destination (Country UN Code);Container Movement Code;Container Types;Container Number(s);No of TEU;No of 20 ft;No of 40 ft;No of 40 ft HC;No of 45 ft;Volume (m3);Gross weight (kgs);Chargeable Weight (kgs);Packages;Spend in EUR;Spend per TEU;Spend per m3;Spend per kg;Spend per chargeable kg - Air only;Spend per package;Status 0100 / Booking date;Status 0300 / Ready at Supplier;Status 0500 / Pick up date;Status 1000 / Received at KN origin;Status 1065 / Container at CY;Status 1300 / Departure date;Status 1400 / Arrival date;Status 1405 Container Discharged (Sea) / Checked in Carrier (Air);Status 1600 / Customs clearance date;Status 2210 / Released to 3rd party;Status 3000 / Delivery date;Latest Process Name;Latest Sts Code of Latest Process;Latest Sts Name of Latest Process
2024;2024/01;03/01/2024;Link Expired;I24012206843;1000-0000-000.000;RWM003047437;0933625688675;;A230532;NLRTM;NL;#####;##;WIOECO DESIGN SL;CALLE DE LA CIERVA 9;08184;PALAU-SOLITA I PLEGAMANS;SPAIN;ES;GREEN AQUA;THAN KAROLY STREET 23-25;1119;BUDAPEST;HUNGARY;HU;DAP;;Road;Road Shipment (house);;;Palau-solita I Plegamans;;ES;Budapest;;HU;N/A;;;0;0;0;0;0;1,44;250,00;;1;161,65;;112,26;0,65;;161,65;;;;;;08/01/2024;11/01/2024;;;;15/01/2024;Delivered/Closed;3000;Delivered to Consignee OK
2024;2024/01;05/01/2024;Link Expired;I24012202895;2220-7018-401.053-02;RWM003058125;0933625691043;;A230468;ESBCN;ES;#####;##;WIOECO DESIGN SL;CALLE DE LA CIERVA 9;08184;PALAU-SOLITA I PLEGAMANS;SPAIN;ES;AQUASCAPE.CZ;HOŠŤÁLKOVA 1950/27;169 00;PRAGUE;CZECH REPUBLIC;CZ;DAP;;Road;Road Shipment (house);;;Palau-solita I Plegamans;;ES;Prague;;CZ;N/A;;;0;0;0;0;0;1,68;705,00;;1;185,00;;110,12;0,26;;185;;;10/01/2024;10/01/2024;;11/01/2024;12/01/2024;;;;15/01/2024;Delivered/Closed;3060;POD Available
2024;2024/01;08/01/2024;Link Expired;I24012205520;1000-0000-000.000;RWM003069912;0933625693523;;A230484;NLRTM;NL;#####;##;WIOECO DESIGN SL;CALLE DE LA CIERVA 9;08184;PALAU-SOLITA I PLEGAMANS;SPAIN;ES;UNIMATI APS;Paderupvej 24;8960;RANDERS SOE;DENMARK;DK;DAP;;Road;Road Shipment (house);;;Palau-solita I Plegamans;;ES;Randers Soe;;DK;N/A;;;0;0;0;0;0;1,82;1.190,00;;1;326,76;;179,14;0,27;;326,76;;;;;;18/01/2024;18/01/2024;;;;19/01/2024;Delivered/Closed;3060;POD Available
2024;2024/01;08/01/2024;Link Expired;I24012206844;1000-0000-000.000;5011465571;2033625690208;;;NLRTM;NL;#####;##;KAMASKLO;VYSOKÉ MÝTO DRÁBY 890;566 01;VYSOKE MYTO-MESTO;CZECH REPUBLIC;CZ;Avenlux Almacen;C/ de la Cierva 9;08184;PALAU-SOLITÀ I PLEGAMANS;SPAIN;ES;EXW;;Road;Road Shipment (house);;;Vysoke Myto-mesto;;CZ;Palau-solità I Plegamans;;ES;N/A;;;0;0;0;0;0;6,91;1.000,00;;4;498,74;;72,16;0,50;;124,685;08/01/2024;08/01/2024;09/01/2024;;;10/01/2024;15/01/2024;;;;16/01/2024;Delivered/Closed;3060;POD Available
2024;2024/01;11/01/2024;Link Expired;I24012206840;1000-0000-000.000;RWM003090503;0933625693530;;123445;NLRTM;NL;#####;##;WIOECO DESIGN SL;CALLE DE LA CIERVA 9;08184;PALAU-SOLITA I PLEGAMANS;SPAIN;ES;NATTEC - WHOLESALE OF AQUARIUM;WROCŁAWSKA 33D;55-220;MILOSZYCE;POLAND;PL;DAP;;Road;Road Shipment (house);;;Palau-solita I Plegamans;;ES;Miloszyce;;PL;N/A;;;0;0;0;0;0;1,73;880,00;;1;200,75;;116,17;0,23;;200,75;;;;;;16/01/2024;18/01/2024;;;;19/01/2024;Delivered/Closed;3060;POD Available
2024;2024/01;11/01/2024;Link Expired;I24012206845;1000-0000-000.000;RWM003090469;0933625693516;;2345667;NLRTM;NL;DEOLO;DE;WIOECO DESIGN SL;CALLE DE LA CIERVA 9;08184;PALAU-SOLITA I PLEGAMANS;SPAIN;ES;ZOOBOX.DE;ELBERFELDER STRASSE 102;42853;REMSCHEID;GERMANY;DE;DAP;;Road;Road Shipment (house);;;Palau-solita I Plegamans;;ES;Remscheid;;DE;N/A;;;0;0;0;0;0;3,65;1.450,00;;2;279,45;;76,60;0,19;;139,725;;;;;;16/01/2024;19/01/2024;;;;;Delivered/Closed;3060;POD Available
2024;2024/01;16/01/2024;Link Expired;I24012206846;1000-0000-000.000;RWM003110246;;;A240001;NLRTM;NL;#####;##;WIOECO DESIGN SL;CALLE DE LA CIERVA 9;08184;PALAU-SOLITA I PLEGAMANS;SPAIN;ES;NATTEC - WHOLESALE OF AQUARIUM;WROCŁAWSKA 33D;55-220;MILOSZYCE;POLAND;PL;DAP;;Road;Road Shipment (house);;;Palau-solita I Plegamans;;ES;Miloszyce;;PL;N/A;;;0;0;0;0;0;0,38;118,00;;1;82,63;;215,18;0,70;;82,63;;;;;;20/01/2024;24/01/2024;;;;24/01/2024;Delivered/Closed;3060;POD Available
2024;2024/01;24/01/2024;Link Expired;I24012206778;1000-0000-000.000;RWM003143166;0933625700464;;A230537;NLRTM;NL;#####;##;WIOECO DESIGN SL;CALLE DE LA CIERVA 9;08184;PALAU-SOLITA I PLEGAMANS;SPAIN;ES;AQUAZEN;TORVEGADE 95 ESBJERG 6700 DK;6700;ESBJERG;DENMARK;DK;DAP;;Road;Road Shipment (house);;;Palau-solita I Plegamans;;ES;Esbjerg;;DK;N/A;;;0;0;0;0;0;1,63;683,00;;1;218,98;;134,18;0,32;;218,98;;;;;;01/02/2024;01/02/2024;;;;02/02/2024;Delivered/Closed;3060;POD Available
2024;2024/01;25/01/2024;Link Expired;I24012206779;1000-0000-000.000;RWM003156696;0933625701210;;INLEDCO;NLRTM;NL;#####;##;WIOECO DESIGN SL;CALLE DE LA CIERVA 9;08184;PALAU-SOLITA I PLEGAMANS;SPAIN;ES;INLEDCO GMBH;SÜRTHER STRASSE 300;50999;KÖLN;GERMANY;DE;DAP;;Road;Road Shipment (house);;;Palau-solita I Plegamans;;ES;Köln;;DE;N/A;;;0;0;0;0;0;0,58;109,00;;1;68,75;;119,36;0,63;;68,75;;;;;;30/01/2024;26/01/2024;;;;01/02/2024;Delivered/Closed;3000;Delivered to Consignee OK
2024;2024/01;25/01/2024;Link Expired;I24012206780;1000-0000-000.000;RWM003150058;0933625700487;;;NLRTM;NL;#####;##;WIOECO DESIGN SL;CALLE DE LA CIERVA 9;08184;PALAU-SOLITA I PLEGAMANS;SPAIN;ES;UNIMATI APS;Paderupvej 24;8960;RANDERS SOE;DENMARK;DK;DAP;;Road;Road Shipment (house);;;Palau-solita I Plegamans;;ES;Randers Soe;;DK;N/A;;;0;0;0;0;0;1,44;510,00;;1;193,01;;134,03;0,38;;193,01;;;;;;01/02/2024;01/02/2024;;;;02/02/2024;Delivered/Closed;3060;POD Available
2024;2024/01;25/01/2024;Link Expired;I24022207420;2220-7024-402.055-06;RWM003156601;;;A240004;ESBCN;ES;#####;##;WIOECO DESIGN SL;CALLE DE LA CIERVA 9;08184;PALAU-SOLITA I PLEGAMANS;SPAIN;ES;V.O.F. JANSSEN VAN GENT HANDELSNAAM;NIEUWE NONNENDAALSEWEG 57;6542 PB;NIJMEGEN;NETHERLANDS;NL;DAP;;Road;Road Shipment (house);;;Palau-solita I Plegamans;;ES;Nijmegen;;NL;N/A;;;0;0;0;0;0;1,63;710,00;;1;152,06;;93,17;0,21;;152,06;;;31/01/2024;31/01/2024;;03/02/2024;;;;;07/02/2024;Delivered/Closed;3060;POD Available
2024;2024/02;05/02/2024;Link Expired;I24022207419;1000-0000-000.000;RWM003203270;;;A24009;NLRTM;NL;#####;##;WIOECO DESIGN SL;CALLE DE LA CIERVA 9;08184;PALAU-SOLITA I PLEGAMANS;SPAIN;ES;De Wase Vijverwinkel;Heihoekstraat 223;9100;SINT-NIKLAAS;BELGIUM;BE;DAP;;Road;Road Shipment (house);;;Palau-solita I Plegamans;;ES;Sint-niklaas;;BE;N/A;;;0;0;0;0;0;0,67;230,00;;1;96,02;;142,89;0,42;;96,02;;;;;;08/02/2024;30/01/2024;;;;14/02/2024;Delivered/Closed;3060;POD Available
2024;2024/02;05/02/2024;Link Expired;"I24042206802; I24042206803";1000-0000-000.000;RWM003203249;0933625714725;;A240053;NLRTM;NL;#####;##;WIOECO DESIGN SL;CALLE DE LA CIERVA 9;08184;PALAU-SOLITA I PLEGAMANS;SPAIN;ES;FORAGROBIO;SUBTILE VRLICA 10B;24000;SUBOTICA;SERBIA;RS;DAP;;Road;Road Shipment (house);;;Palau-solita I Plegamans;;ES;Subotica;;RS;N/A;;;0;0;0;0;0;1,92;573,00;;1;322,82;;168,14;0,56;;322,82;;;;;;06/03/2024;29/02/2024;;06/03/2024;;06/03/2024;Delivered/Closed;3060;POD Available
2024;2024/02;08/02/2024;Link Expired;I24022207421;2220-7147-402.056-01;RWM003224481;0933625709541;;A240056;ESBCN;ES;#####;##;WIOECO DESIGN SL;CALLE DE LA CIERVA 9;08184;PALAU-SOLITA I PLEGAMANS;SPAIN;ES;NATTEC - WHOLESALE OF AQUARIUM;WROCŁAWSKA 33D;55-220;MILOSZYCE;POLAND;PL;DAP;;Road;Road Shipment (house);;;Palau-solita I Plegamans;;ES;Miloszyce;;PL;N/A;;;0;0;0;0;0;1,63;915,00;;1;241,95;;148,25;0,26;;241,95;;;13/02/2024;13/02/2024;;14/02/2024;16/02/2024;;;;19/02/2024;Delivered/Closed;3060;POD Available
2024;2024/02;09/02/2024;Link Expired;I24022207418;2220-7024-402.073-07;RWM003230563;;;000;ESBCN;ES;#####;##;WIOECO DESIGN SL;CALLE DE LA CIERVA 9;08184;PALAU-SOLITA I PLEGAMANS;SPAIN;ES;Azaqua;Kornputsingel 7;8331 JS;STEENWIJK;NETHERLANDS;NL;DAP;;Road;Road Shipment (house);;;Palau-solita I Plegamans;;ES;Steenwijk;;NL;N/A;;;0;0;0;0;0;1,54;540,00;;1;145,40;;94,66;0,27;;145,4;;;13/02/2024;13/02/2024;;20/02/2024;20/02/2024;;;;28/02/2024;Delivered/Closed;3060;POD Available
2024;2024/02;09/02/2024;Link Expired;I24022207424;2220-7020-402.056-01;RWM003230559;0933625710793;;A240045;ESBCN;ES;#####;##;WIOECO DESIGN SL;CALLE DE LA CIERVA 9;08184;PALAU-SOLITA I PLEGAMANS;SPAIN;ES;INVITAL ROSTLINNA-AKVARIA.CZ;JASELSKÁ 2942/31;746 01;OPAVA;CZECH REPUBLIC;CZ;DAP;;Road;Road Shipment (house);;;Palau-solita I Plegamans;;ES;Opava;;CZ;N/A;;;0;0;0;0;0;3,26;1.600,00;;2;402,11;;123,20;0,25;;201,055;;;14/02/2024;14/02/2024;;16/02/2024;19/02/2024;;;;20/02/2024;Delivered/Closed;3060;POD Available
2024;2024/02;15/02/2024;Link Expired;I24022207422;1000-0000-000.000;RWM003251480;;;;NLRTM;NL;#####;##;WIOECO DESIGN SL;CALLE DE LA CIERVA 9;08184;PALAU-SOLITA I PLEGAMANS;SPAIN;ES;BIOTOPO;HARINGVLIET 13;6826 VB;ARNHEM;NETHERLANDS;NL;DAP;;Road;Road Shipment (house);;;Palau-solita I Plegamans;;ES;Arnhem;;NL;N/A;;;0;0;0;0;0;0,53;185,00;;1;63,63;;120,51;0,34;;63,63;;;;;;21/02/2024;18/02/2024;;;;23/02/2024;Delivered/Closed;3060;POD Available
2024;2024/02;15/02/2024;Link Expired;I24022207423;1000-0000-000.000;RWM003251475;0933625712594;;;NLRTM;NL;#####;##;WIOECO DESIGN SL;CALLE DE LA CIERVA 9;08184;PALAU-SOLITA I PLEGAMANS;SPAIN;ES;NATTEC - WHOLESALE OF AQUARIUM;WROCŁAWSKA 33D;55-220;MILOSZYCE;POLAND;PL;DAP;;Road;Road Shipment (house);;;Palau-solita I Plegamans;;ES;Miloszyce;;PL;N/A;;;0;0;0;0;0;0,01;200,00;;1;80,75;;16.150,00;0,40;;80,75;;;;;;20/02/2024;21/02/2024;;;;22/02/2024;Delivered/Closed;3060;POD Available
2024;2024/02;15/02/2024;Link Expired;I24022207425;1000-0000-000.000;RWM003251477;;;;NLRTM;NL;GBBGK;GB;WIOECO DESIGN SL;CALLE DE LA CIERVA 9;08184;PALAU-SOLITA I PLEGAMANS;SPAIN;ES;Aquarium Gardens;20C Uplands Industrial Estate Mere;PE28 2JZ;WYTON;UNITED KINGDOM;GB;DAP;;Road;Road Shipment (house);;;Palau-solita I Plegamans;;ES;Wyton;;GB;N/A;;;0;0;0;0;0;1,44;470,00;;1;205,26;;142,54;0,44;;205,26;;;;;;23/02/2024;18/02/2024;;26/02/2024;;27/02/2024;Delivered/Closed;3060;POD Available
2024;2024/02;16/02/2024;Link Expired;"I24032202830; I24032202831";2220-7713-402.051-01;5011805583;;;;ESBCN;ES;#####;##;HRACHEVA VICTORIA;LISKIVSKA;01001;KIEV;UKRAINE;UA;WIOECO DESIGN SL;CALLE DE LA CIERVA 9;08184;PALAU-SOLITA I PLEGAMANS;SPAIN;ES;FCA;;Road;Road Shipment (house);;;Kiev;;UA;Palau-solita I Plegamans;;ES;N/A;;;0;0;0;0;0;;23.000,00;;23;7.538,91;;;0,33;;327,7786957;16/02/2024;;23/02/2024;;;22/02/2024;;;;;13/03/2024;Delivered/Closed;3000;Delivered to Consignee OK
2024;2024/02;19/02/2024;Link Expired;I24022207647;1000-0000-000.000;RWM003272310;;;SO240013;NLRTM;NL;GBBGK;GB;WIOECO DESIGN SL;CALLE DE LA CIERVA 9;08184;PALAU-SOLITA I PLEGAMANS;SPAIN;ES;KRAKEN AQUACARE;8LW GB 249 LEASOWE ROAD WIRRAL CH45;CH45 8LW;WALLASEY;UNITED KINGDOM;GB;DAP;;Road;Road Shipment (house);;;Palau-solita I Plegamans;;ES;Wallasey;;GB;N/A;;;0;0;0;0;0;1,25;163,55;;1;222,83;;178,55;1,36;;222,83;01/03/2024;;;;;28/02/2024;18/02/2024;;29/02/2024;;05/03/2024;Delivered/Closed;3060;POD Available
2024;2024/02;23/02/2024;Link Expired;I24022207431;2220-7062-402.117-09;RWM003300565;;;;ESBCN;ES;#####;##;WIOECO DESIGN SL;CALLE DE LA CIERVA 9;08184;PALAU-SOLITA I PLEGAMANS;SPAIN;ES;BUQU DI FRANCESCA PICCIOLO;VIA CAPPUCCINI,159 159;72100;BRINDISI;ITALY;IT;DAP;;Road;Road Shipment (house);;;Palau-solita I Plegamans;;ES;Brindisi;;IT;N/A;;;0;0;0;0;0;0,36;85,00;;1;101,07;;280,75;1,19;;101,07;;;28/02/2024;28/02/2024;;28/02/2024;28/02/2024;;;;01/03/2024;Delivered/Closed;3000;Delivered to Consignee OK
2024;2024/02;23/02/2024;Link Expired;I24022207645;2220-7024-402.087-09;RWM003294611;;;2420011;ESBCN;ES;#####;##;WIOECO DESIGN SL;CALLE DE LA CIERVA 9;08184;PALAU-SOLITA I PLEGAMANS;SPAIN;ES;AQUA D´STRESS V.O.F;PAUWELSLAAN 10;2675 LE;HONSELERSDIJK;NETHERLANDS;NL;DAP;;Road;Road Shipment (house);;;Palau-solita I Plegamans;;ES;Honselersdijk;;NL;N/A;;;0;0;0;0;0;1,44;615,00;;1;163,65;;113,65;0,27;;163,65;;;28/02/2024;28/02/2024;;28/02/2024;;;;;08/03/2024;Delivered/Closed;3060;POD Available
2024;2024/02;29/02/2024;Link Expired;I24032202835;2220-8891-403.058-01;RWM003316651;;;240012;ESBCN;ES;#####;##;WIOECO DESIGN SL;CALLE DE LA CIERVA 9;08184;PALAU-SOLITA I PLEGAMANS;SPAIN;ES;DISTRI PROAN S L (NOVOPET);CALLE MORSE 38;28906;GETAFE;SPAIN;ES;DAP;;Road;Road Shipment (house);;;Palau-solita I Plegamans;;ES;Getafe;;ES;N/A;;;0;0;0;0;0;2,88;1.400,00;;2;213,02;;73,97;0,15;;106,51;;;01/03/2024;;;29/02/2024;;;;;04/03/2024;Delivered/Closed;3000;Delivered to Consignee OK
2024;2024/03;08/03/2024;Link Expired;I24032206736;1000-0000-000.000;RWM003369204;;;;NLRTM;NL;#####;##;WIOECO DESIGN SL;CALLE DE LA CIERVA 9;08184;PALAU-SOLITA I PLEGAMANS;SPAIN;ES;ONLINEAQUARIUMSPULLEN;DE KIEL 19;9206 BG;DRACHTEN;NETHERLANDS;NL;DAP;;Road;Road Shipment (house);;;Palau-solita I Plegamans;;ES;Drachten;;NL;N/A;;;0;0;0;0;0;0,20;20,00;;2;61,11;;311,79;3,06;;30,555;;;;;;13/03/2024;11/03/2024;;;;15/03/2024;Delivered/Closed;3060;POD Available
2024;2024/03;08/03/2024;Link Expired;I24042208105;1000-0000-000.000;RWM003374818;0933625731067;;240040;NLRTM;NL;#####;##;WIOECO DESIGN SL;CALLE DE LA CIERVA 9;08184;PALAU-SOLITA I PLEGAMANS;SPAIN;ES;AKVARIEBODEN AS;INDUSTRIVEIEN 10;4330;AALGAARD;NORWAY;NO;DAP;;Road;Road Shipment (house);;;Palau-solita I Plegamans;;ES;Aalgaard;;NO;N/A;;;0;0;0;0;0;1,15;278,00;;1;301,62;;261,82;1,08;;301,62;;;;;;23/03/2024;27/03/2024;;05/04/2024;;03/04/2024;Delivered/Closed;3000;Delivered to Consignee OK
2024;2024/03;13/03/2024;Link Expired;I24042208103;2220-7035-403.053-02;RWM003398992;0933625728193;;240114;ESBCN;ES;DEBKB;DE;WIOECO DESIGN SL;CALLE DE LA CIERVA 9;08184;PALAU-SOLITA I PLEGAMANS;SPAIN;ES;E. A. EUROPEAN AQUARISTICS GMB;BHS SPEDITION UND LOGISTIK GMB;28197;BREMEN;GERMANY;DE;DAP;;Road;Road Shipment (house);;;Palau-solita I Plegamans;;ES;Bremen;;DE;N/A;;;0;0;0;0;0;6,05;3.250,00;;3;524,31;;86,69;0,16;;174,77;;;15/03/2024;15/03/2024;;19/03/2024;;;;;20/03/2024;Delivered/Closed;3060;POD Available
2024;2024/03;19/03/2024;Link Expired;I24032206901;2220-7182-403.108-08;RWM003429403;;;240155;ESBCN;ES;SKBTS;SK;WIOECO DESIGN SL;CALLE DE LA CIERVA 9;08184;PALAU-SOLITA I PLEGAMANS;SPAIN;ES;CRÉAQUARIUM;2 rue Charles Sandro;83136;GAREOULT;FRANCE;FR;DAP;;Road;Road Shipment (house);;;Palau-solita I Plegamans;;ES;Gareoult;;FR;N/A;;;0;0;0;0;0;1,06;267,00;;1;124,44;;117,84;0,47;;124,44;;;21/03/2024;21/03/2024;;22/03/2024;22/03/2024;;;;25/03/2024;Delivered/Closed;3060;POD Available
2024;2024/03;19/03/2024;Link Expired;I24032206914;2220-7147-403.064-01;RWM003429438;;;240151;ESBCN;ES;#####;##;WIOECO DESIGN SL;CALLE DE LA CIERVA 9;08184;PALAU-SOLITA I PLEGAMANS;SPAIN;ES;NATTEC - WHOLESALE OF AQUARIUM;WROCŁAWSKA 33D;55-220;MILOSZYCE;POLAND;PL;DAP;;Road;Road Shipment (house);;;Palau-solita I Plegamans;;ES;Miloszyce;;PL;N/A;;;0;0;0;0;0;1,54;788,00;;1;209,06;;136,11;0,27;;209,06;;;21/03/2024;21/03/2024;;23/03/2024;27/03/2024;;;;27/03/2024;Delivered/Closed;3060;POD Available
2024;2024/03;19/03/2024;Link Expired;I24042208102;2220-7057-403.061-01;RWM003429443;0933625731063;;240156;ESBCN;ES;#####;##;WIOECO DESIGN SL;CALLE DE LA CIERVA 9;08184;PALAU-SOLITA I PLEGAMANS;SPAIN;ES;GREEN AQUA;THAN KAROLY STREET 23-25;1119;BUDAPEST;HUNGARY;HU;DAP;;Road;Road Shipment (house);;;Palau-solita I Plegamans;;ES;Budapest;;HU;N/A;;;0;0;0;0;0;1,34;225,00;;1;176,23;;131,12;0,78;;176,23;;;21/03/2024;21/03/2024;;23/03/2024;27/03/2024;;;;28/03/2024;Delivered/Closed;3060;POD Available
2024;2024/03;25/03/2024;Link Expired;I24042204945;1000-0000-000.000;RWM003452403;;;240059;NLRTM;NL;GBBGK;GB;WIOECO DESIGN SL;CALLE DE LA CIERVA 9;08184;PALAU-SOLITA I PLEGAMANS;SPAIN;ES;Aquarium Gardens;Mere Way;PE28 2JZ;CAMBRIDGESHIRE;UNITED KINGDOM;GB;DAP;;Road;Road Shipment (house);;;Palau-solita I Plegamans;;ES;Cambridgeshire;;GB;N/A;;;0;0;0;0;0;1,06;560,00;;1;229,75;;217,57;0,41;;229,75;16/04/2024;;;;;06/04/2024;27/03/2024;;07/04/2024;;17/04/2024;Delivered/Closed;3060;POD Available
2024;2024/03;26/03/2024;Link Expired;I24062205392;1000-0000-000.000;RWM003463203;0933625741316;;A240175;NLRTM;NL;#####;##;WIOECO DESIGN SL;CALLE DE LA CIERVA 9;08184;PALAU-SOLITA I PLEGAMANS;SPAIN;ES;FORAGROBIO CC D.O.O.;SUMSKA 9/3-1;24000;SUBOTICA;SERBIA;RS;DAP;;Road;Road Shipment (house);;;Palau-solita I Plegamans;;ES;Subotica;;RS;N/A;;;0;0;0;0;0;0,86;410,00;;1;289,31;;334,85;0,71;;289,31;;;;;;17/04/2024;15/04/2024;;;;19/04/2024;Delivered/Closed;3060;POD Available
2024;2024/03;28/03/2024;Link Expired;I24042204974;2220-7025-404.057-01;RWM003484231;0933625739863;;000;ESBCN;ES;#####;##;WIOECO DESIGN SL;CALLE DE LA CIERVA 9;08184;PALAU-SOLITA I PLEGAMANS;SPAIN;ES;UNIMATI APS;Paderupvej 24;8960;RANDERS SOE;DENMARK;DK;DAP;;Road;Road Shipment (house);;;Palau-solita I Plegamans;;ES;Randers Soe;;DK;N/A;;;0;0;0;0;0;1,42;887,00;;1;308,10;;216,82;0,35;;308,1;;;08/04/2024;08/04/2024;;12/04/2024;12/04/2024;;;;18/04/2024;Delivered/Closed;3060;POD Available
2024;2024/04;02/04/2024;Link Expired;I24042204928;1000-0000-000.000;RWM003493986;;;A240183;NLRTM;NL;#####;##;WIOECO DESIGN SL;CALLE DE LA CIERVA 9;08184;PALAU-SOLITA I PLEGAMANS;SPAIN;ES;SAKURA;NIEUWDORP 109 STEKENE;9190;STEKENE;BELGIUM;BE;DAP;;Road;Road Shipment (house);;;Palau-solita I Plegamans;;ES;Stekene;;BE;N/A;;;0;0;0;0;0;0,53;241,00;;1;95,60;;181,06;0,40;;95,6;;;;;;06/04/2024;04/04/2024;;;;12/04/2024;Delivered/Closed;3060;POD Available
2024;2024/04;03/04/2024;Link Expired;I24062205391;1000-0000-000.000;RWM003501658;0933625737789;;A240184;NLRTM;NL;#####;##;WIOECO DESIGN SL;CALLE DE LA CIERVA 9;08184;PALAU-SOLITA I PLEGAMANS;SPAIN;ES;ENDLER FISH S.R.L;STRADA CAMPULUI NR.159K CLUJ-NAPOC;400000;CLUJ-NAPOCA;ROMANIA;RO;DAP;;Road;Road Shipment (house);;;Palau-solita I Plegamans;;ES;Cluj-napoca;;RO;N/A;;;0;0;0;0;0;4,22;800,00;;2;421,46;;99,78;0,53;;210,73;;;;;;06/04/2024;12/04/2024;;;;12/04/2024;Delivered/Closed;3060;POD Available
2024;2024/04;04/04/2024;Link Expired;I24042205029;2220-8891-404.209-01;RWM003509099;;;SO240056;ESBCN;ES;#####;##;WIOECO DESIGN SL;CALLE DE LA CIERVA 9;08184;PALAU-SOLITA I PLEGAMANS;SPAIN;ES;DISTRI PROAN S L (NOVOPET);CALLE MORSE 38;28906;GETAFE;SPAIN;ES;DAP;;Road;Road Shipment (house);;;Palau-solita I Plegamans;;ES;Getafe;;ES;N/A;;;0;0;0;0;0;2,81;2.130,00;;2;284,54;;101,15;0,13;;142,27;;;08/04/2024;;;04/04/2024;;;;;09/04/2024;Delivered/Closed;3000;Delivered to Consignee OK
2024;2024/04;11/04/2024;Link Expired;I24042205238;1000-0000-000.000;RWM003547368;;;A240214;NLRTM;NL;#####;##;WIOECO DESIGN SL;CALLE DE LA CIERVA 9;08184;PALAU-SOLITA I PLEGAMANS;SPAIN;ES;De Wase Vijverwinkel;Heihoekstraat 223;9100;SINT-NIKLAAS;BELGIUM;BE;DAP;;Road;Road Shipment (house);;;Palau-solita I Plegamans;;ES;Sint-niklaas;;BE;N/A;;;0;0;0;0;0;1,06;415,00;;1;131,02;;124,07;0,32;;131,02;;;;;;17/04/2024;16/04/2024;;;;22/04/2024;Delivered/Closed;3060;POD Available
2024;2024/04;12/04/2024;Link Expired;I24042208104;2220-7059-404.054-01;RWM003543046;0933625743869;;A240210;ESBCN;ES;#####;##;WIOECO DESIGN SL;CALLE DE LA CIERVA 9;08184;PALAU-SOLITA I PLEGAMANS;SPAIN;ES;AQUA REMEDY IRELAND;74 FERN HALL WICKLOW A98F2H2 I;DUBLIN;DUBLIN;IRELAND;IE;DAP;;Road;Road Shipment (house);;;Palau-solita I Plegamans;;ES;Dublin;;IE;N/A;;;0;0;0;0;0;1,54;700,00;;1;236,25;;153,81;0,34;;236,25;;;15/04/2024;15/04/2024;;17/04/2024;23/04/2024;;;;;Delivered/Closed;3060;POD Available
2024;2024/04;15/04/2024;Link Expired;I24042205254;1000-0000-000.000;RWM003562198;;;A240185;NLRTM;NL;SKBTS;SK;WIOECO DESIGN SL;CALLE DE LA CIERVA 9;08184;PALAU-SOLITA I PLEGAMANS;SPAIN;ES;AQUATIC LANDSCAPE;7A RUE DE LA BATTERIE;67118;GEISPOLSHEIM;FRANCE;FR;DAP;;Road;Road Shipment (house);;;Palau-solita I Plegamans;;ES;Geispolsheim;;FR;N/A;;;0;0;0;0;0;0,77;345,00;;1;142,12;;185,05;0,41;;142,12;;;;;;18/04/2024;18/04/2024;;;;22/04/2024;Delivered/Closed;3060;POD Available
2024;2024/04;17/04/2024;Link Expired;I24062205390;1000-0000-000.000;RWM003578354;0933625748726;;A240225;NLRTM;NL;#####;##;WIOECO DESIGN SL;CALLE DE LA CIERVA 9;08184;PALAU-SOLITA I PLEGAMANS;SPAIN;ES;ZOONET, A. KULSETH;KLOSTERGATA 44 A;1532;MOSS;NORWAY;NO;DAP;;Road;Road Shipment (house);;;Palau-solita I Plegamans;;ES;Moss;;NO;N/A;;;0;0;0;0;0;0,96;450,00;;1;311,22;;324,19;0,69;;311,22;;;;;;25/04/2024;29/04/2024;;02/05/2024;;06/05/2024;Delivered/Closed;3000;Delivered to Consignee OK
2024;2024/04;19/04/2024;Link Expired;I24062200330;2220-8505-404.122-01;5012361335;;;10365;ESBCN;ES;#####;##;CHURCH THOMAS;4PE, 330 SANDYHURST LN ASHFORD, ING;TN25 4PE;ASHFORD;UNITED KINGDOM;GB;WIOECO DESIGN SL;CALLE DE LA CIERVA 9;08184;PALAU-SOLITA I PLEGAMANS;SPAIN;ES;EXW;;Road;Road Shipment (house);;;Ashford;;GB;Palau-solita I Plegamans;;ES;N/A;;;0;0;0;0;0;0,72;55,00;;1;17,29;;24,18;0,31;;17,29;19/04/2024;;;;;22/04/2024;;;;;23/04/2024;Delivered/Closed;3060;POD Available
2024;2024/04;19/04/2024;Link Expired;I24062205389;1000-0000-000.000;RWM003586161;;;;NLRTM;NL;#####;##;WIOECO DESIGN SL;CALLE DE LA CIERVA 9;08184;PALAU-SOLITA I PLEGAMANS;SPAIN;ES;PCJM CONCEPT - MOBILIÁRIO;RUA GENERAL HUMBERTO DELGADO 570;4765-089;OLIVEIRA SAO MATEUS;PORTUGAL;PT;DAP;;Road;Road Shipment (house);;;Palau-solita I Plegamans;;ES;Oliveira Sao Mateus;;PT;N/A;;;0;0;0;0;0;0,77;250,00;;1;116,05;;151,11;0,46;;116,05;;;;;;26/04/2024;26/04/2024;;;;30/04/2024;Delivered/Closed;3060;POD Available
2024;2024/04;22/04/2024;Link Expired;I24042205990;2220-7636-404.059-01;5012367382;;;;ESBCN;ES;#####;##;Bhs Spedition Und Logistik Gmbh;Ludwig-Erhard-Str. 38;28197;BREMEN;GERMANY;DE;WIOECO DESIGN SL;CALLE DE LA CIERVA 9;08184;PALAU-SOLITA I PLEGAMANS;SPAIN;ES;EXW;;Road;Road Shipment (house);;;Bremen;;DE;Palau-solita I Plegamans;;ES;N/A;;;0;0;0;0;0;9,58;3.951,00;;5;955,34;;99,77;0,24;;191,068;22/04/2024;;19/04/2024;;;17/04/2024;;;;;22/04/2024;Delivered/Closed;3000;Delivered to Consignee OK
2024;2024/04;22/04/2024;Link Expired;I24042207796;1000-0000-000.000;RWM003601439;0933625748773;;A240228;NLRTM;NL;#####;##;WIOECO DESIGN SL;CALLE DE LA CIERVA 9;08184;PALAU-SOLITA I PLEGAMANS;SPAIN;ES;GÖKHAN KIYICI;RHEINSTEINSTRASSE 8 COLONIA 6;50968;KÖLN;GERMANY;DE;DAP;;Road;Road Shipment (house);;;Palau-solita I Plegamans;;ES;Köln;;DE;N/A;;;0;0;0;0;0;0,34;50,00;;1;114,11;;339,61;2,28;;114,11;;;;;;25/04/2024;24/04/2024;;;;29/04/2024;Delivered/Closed;3000;Delivered to Consignee OK
2024;2024/04;23/04/2024;Link Expired;I24042207793;1000-0000-000.000;RWM003609585;0933625749413;;A240232;NLRTM;NL;#####;##;WIOECO DESIGN SL;CALLE DE LA CIERVA 9;08184;PALAU-SOLITA I PLEGAMANS;SPAIN;ES;KALAKE KAUBANDUS OÜ;RANNAMOISA TEE 4F;13516;TALLINN;ESTONIA;EE;DAP;;Road;Road Shipment (house);;;Palau-solita I Plegamans;;ES;Tallinn;;EE;N/A;;;0;0;0;0;0;0,77;240,00;;1;148,53;;193,40;0,62;;148,53;;;;;;26/04/2024;30/04/2024;;;;30/04/2024;Delivered/Closed;3060;POD Available
2024;2024/05;02/05/2024;Link Expired;I24062206188;1000-0000-000.000;RWM003656319;;;A240246;NLRTM;NL;#####;##;WIOECO DESIGN SL;CALLE DE LA CIERVA 9;08184;PALAU-SOLITA I PLEGAMANS;SPAIN;ES;E. A. EUROPEAN AQUARISTICS GMBH;BHS SPEDITION UND LOGISTIK GMBHL 38;28197;BREMEN;GERMANY;DE;DAP;;Road;Road Shipment (house);;;Palau-solita I Plegamans;;ES;Bremen;;DE;N/A;;;0;0;0;0;0;12,67;5.767,00;;7;940,91;;74,25;0,16;;134,4157143;;;06/05/2024;06/05/2024;;08/05/2024;;;;;;Shipped/In-Transit;1300;Linehaul Departed
2024;2024/05;06/05/2024;Link Expired;I24052203250;1000-0000-000.000;RWM003669670;0933625756328;;A240249;NLRTM;NL;#####;##;WIOECO DESIGN SL;CALLE DE LA CIERVA 9;08184;PALAU-SOLITA I PLEGAMANS;SPAIN;ES;INVITAL ROSTLINNA-AKVARIA.CZ;JASELSKÁ 2942/31;746 01;OPAVA;CZECH REPUBLIC;CZ;DAP;;Road;Road Shipment (house);;;Palau-solita I Plegamans;;ES;Opava;;CZ;N/A;;;0;0;0;0;0;2,98;1.565,00;;2;419,96;;141,12;0,27;;209,98;;;;;;10/05/2024;15/05/2024;;;;17/05/2024;Delivered/Closed;3060;POD Available
2024;2024/05;13/05/2024;Link Expired;I24052207049;2220-7112-405.091-02;RWM003692581;;;"A240254; IOR:LOGISTIC@WIO.ECO";ESBCN;ES;GBBGK;GB;WIOECO DESIGN SL;CALLE DE LA CIERVA 9;08184;PALAU-SOLITA I PLEGAMANS;SPAIN;ES;Aqua Essentials Limited;Down End;EX17 1HN;DEVON;UNITED KINGDOM;GB;DAP;;Road;Road Shipment (house);;;Palau-solita I Plegamans;;ES;Devon;;GB;N/A;;;0;0;0;0;0;1,39;550,00;;1;306,95;;220,51;0,56;;306,95;23/05/2024;;14/05/2024;14/05/2024;;21/05/2024;;;22/05/2024;;24/05/2024;Delivered/Closed;3060;POD Available
2024;2024/05;13/05/2024;Link Expired;I24072200945;1000-0000-000.000;5012533101;2033625758322;;;NLRTM;NL;#####;##;KAMASKLO;VYSOKÉ MÝTO DRÁBY 890;566 01;VYSOKE MYTO-MESTO;CZECH REPUBLIC;CZ;Avenlux Global Sl;Carrer De La Cierva 9;08184;PALAU-SOLITA I PLEGAMANS;SPAIN;ES;EXW;;Road;Road Shipment (house);;;Vysoke Myto-mesto;;CZ;Palau-solita I Plegamans;;ES;N/A;;;0;0;0;0;0;8,16;1.000,00;;5;661,99;;81,13;0,66;;132,398;13/05/2024;13/05/2024;14/05/2024;;;15/05/2024;17/05/2024;;;;21/05/2024;Delivered/Closed;3060;POD Available
2024;2024/05;14/05/2024;Link Expired;I24052204616;2220-7035-405.054-01;RWM003703769;0933625760587;;A240255;ESBCN;ES;DEBKB;DE;WIOECO DESIGN SL;CALLE DE LA CIERVA 9;08184;PALAU-SOLITA I PLEGAMANS;SPAIN;ES;BHS;LUDWIG-ERHARD-STRASSE 38;28197;BREMEN;GERMANY;DE;DAP;;Road;Road Shipment (house);;;Palau-solita I Plegamans;;ES;Bremen;;DE;N/A;;;0;0;0;0;0;0,43;317,00;;1;121,25;;280,67;0,38;;121,25;;;16/05/2024;16/05/2024;;18/05/2024;;;;;23/05/2024;Delivered/Closed;3060;POD Available
2024;2024/05;17/05/2024;Link Expired;I24052207760;2220-7121-405.089-01;RWM003733211;0933625766685;;A240262;ESBCN;ES;DEHAM;DE;WIOECO DESIGN SL;CALLE DE LA CIERVA 9;08184;PALAU-SOLITA I PLEGAMANS;SPAIN;ES;PLANTEX TGS;AM GUETERBAHNHOF 10;79771;KLETTGAU;GERMANY;DE;DAP;;Road;Road Shipment (house);;;Palau-solita I Plegamans;;ES;Klettgau;;DE;N/A;;;0;0;0;0;0;0,38;157,00;;1;69,57;;181,17;0,44;;69,57;;;22/05/2024;22/05/2024;;29/05/2024;;;;;;Delivered/Closed;3060;POD Available
2024;2024/05;17/05/2024;Link Expired;I24062206150;2220-7101-405.066-02;RWM003730697;0933625762972;;10358;ESBCN;ES;#####;##;WIOECO DESIGN SL;CALLE DE LA CIERVA 9;08184;PALAU-SOLITA I PLEGAMANS;SPAIN;ES;RYBERG LEO;BLACKEBERGS GARDSVÄG 3 BROMMA;168 52;BROMMA;SWEDEN;SE;DAP;;Road;Road Shipment (house);;;Palau-solita I Plegamans;;ES;Bromma;;SE;N/A;;;0;0;0;0;0;0,17;18,00;;1;94,94;;565,12;5,27;;94,94;;;22/05/2024;22/05/2024;;23/05/2024;29/05/2024;;;;03/06/2024;Delivered/Closed;3060;POD Available
2024;2024/05;21/05/2024;Link Expired;I24052207759;2220-8891-405.341-01;5012623718;;;;ESBCN;ES;#####;##;ERIMSA CASTILLO;SAN MIGUEL DE CASTRO SN;36680;A ESTRADA;SPAIN;ES;WIOECO DESIGN SL;CALLE DE LA CIERVA 9;08184;PALAU-SOLITA I PLEGAMANS;SPAIN;ES;DAP;;Road;Road Shipment (house);;;A Estrada;;ES;Palau-solita I Plegamans;;ES;N/A;;;0;0;0;0;0;5,76;5.000,00;;4;751,90;;130,54;0,15;;187,975;21/05/2024;;23/05/2024;;;23/05/2024;;;;;27/05/2024;Delivered/Closed;3060;POD Available
2024;2024/05;23/05/2024;Link Expired;I24062206153;1000-0000-000.000;RWM003752031;;;A240265;NLRTM;NL;#####;##;WIOECO DESIGN SL;CALLE DE LA CIERVA 9;08184;PALAU-SOLITA I PLEGAMANS;SPAIN;ES;FOLHASAOSOL LDA / DIOGO LEAL;RUA ANTÓNIO XAVIER PEREIRA COUTI 30;2740-274;LEIAO;PORTUGAL;PT;DAP;;Road;Road Shipment (house);;;Palau-solita I Plegamans;;ES;Leiao;;PT;N/A;;;0;0;0;0;0;1,54;620,00;;1;126,64;;82,45;0,20;;126,64;;;;;;29/05/2024;31/05/2024;;;;03/06/2024;Delivered/Closed;3060;POD Available
2024;2024/05;28/05/2024;Link Expired;I24062206196;1000-0000-000.000;RWM003776046;;;A240267;NLRTM;NL;#####;##;WIOECO DESIGN SL;CALLE DE LA CIERVA 9;08184;PALAU-SOLITA I PLEGAMANS;SPAIN;ES;NATTEC - WHOLESALE OF AQUARIUM;WROCŁAWSKA 33D;55-220;MILOSZYCE;POLAND;PL;DAP;;Road;Road Shipment (house);;;Palau-solita I Plegamans;;ES;Miloszyce;;PL;N/A;;;0;0;0;0;0;1,54;358,00;;1;168,11;;109,45;0,47;;168,11;;;;;;31/05/2024;05/06/2024;;;;05/06/2024;Delivered/Closed;3060;POD Available
2024;2024/05;29/05/2024;Link Expired;I24062206152;2220-7112-406.072-05;RWM003792650;;;A240271;ESBCN;ES;GBBGK;GB;WIOECO DESIGN SL;CALLE DE LA CIERVA 9;08184;PALAU-SOLITA I PLEGAMANS;SPAIN;ES;Aquarium Gardens;Mere Way;PE28 2JZ;CAMBRIDGESHIRE;UNITED KINGDOM;GB;DAP;;Road;Road Shipment (house);;;Palau-solita I Plegamans;;ES;Cambridgeshire;;GB;N/A;;;0;0;0;0;0;1,34;732,00;;1;289,02;;215,04;0,39;;289,02;12/06/2024;;03/06/2024;03/06/2024;;10/06/2024;;;11/06/2024;;13/06/2024;Delivered/Closed;3060;POD Available
2024;2024/05;29/05/2024;Link Expired;I24062206194;2220-7164-406.066-26;RWM003792178;;;A240270;ESBCN;ES;#####;##;WIOECO DESIGN SL;CALLE DE LA CIERVA 9;08184;PALAU-SOLITA I PLEGAMANS;SPAIN;ES;DMBC SHOP;15 RUE DE FLANDRES;77178;OISSERY;FRANCE;FR;DAP;;Road;Road Shipment (house);;;Palau-solita I Plegamans;;ES;Oissery;;FR;N/A;;;0;0;0;0;0;0,86;410,00;;1;139,87;;161,89;0,34;;139,87;;;03/06/2024;03/06/2024;;06/06/2024;06/06/2024;;;;11/06/2024;Delivered/Closed;3060;POD Available
2024;2024/05;29/05/2024;Link Expired;I24062206195;2220-7024-406.051-05;RWM003792666;;;A240272;ESBCN;ES;#####;##;WIOECO DESIGN SL;CALLE DE LA CIERVA 9;08184;PALAU-SOLITA I PLEGAMANS;SPAIN;ES;DIEBO PET WORLD;RAVENSWADE 54;3439 LD;NIEUWEGEIN;NETHERLANDS;NL;DAP;;Road;Road Shipment (house);;;Palau-solita I Plegamans;;ES;Nieuwegein;;NL;N/A;;;0;0;0;0;0;0,72;150,00;;1;89,05;;123,68;0,59;;89,05;;;03/06/2024;03/06/2024;;05/06/2024;06/06/2024;;;;07/06/2024;Delivered/Closed;3060;POD Available
2024;2024/06;05/06/2024;Link Expired;I24072203688;1000-0000-000.000;5012769126;2033625773851;;;NLRTM;NL;#####;##;KAMASKLO;VYSOKÉ MÝTO DRÁBY 890;566 01;VYSOKE MYTO-MESTO;CZECH REPUBLIC;CZ;Wio Eco;Calle de la Cierva 9;08184;PALAU-SOLITA I PLEGAMANS;SPAIN;ES;EXW;;Road;Road Shipment (house);;;Vysoke Myto-mesto;;CZ;Palau-solita I Plegamans;;ES;N/A;;;0;0;0;0;0;13,06;2.000,00;;8;676,40;;51,81;0,34;;84,55;05/06/2024;05/06/2024;10/06/2024;;;11/06/2024;13/06/2024;;;;14/06/2024;Delivered/Closed;3000;Delivered to Consignee OK
2024;2024/06;06/06/2024;Link Expired;I24062206151;2220-7112-406.091-06;RWM003830457;;;A240278;ESBCN;ES;GBBGK;GB;WIOECO DESIGN SL;CALLE DE LA CIERVA 9;08184;PALAU-SOLITA I PLEGAMANS;SPAIN;ES;THE AQUATIC STORE;28 NORTH STREET;BS3 1HW;BEDMINSTER;UNITED KINGDOM;GB;DAP;;Road;Road Shipment (house);;;Palau-solita I Plegamans;;ES;Bedminster;;GB;N/A;;;0;0;0;0;0;0,96;424,00;;1;222,83;;232,11;0,53;;222,83;;;13/06/2024;13/06/2024;;17/06/2024;;;18/06/2024;;19/06/2024;Delivered/Closed;3060;POD Available
2024;2024/06;14/06/2024;Link Expired;I24062206192;2220-7010-406.073-01;RWM003872724;0933625777687;;10428;ESBCN;ES;DELEJ;DE;WIOECO DESIGN SL;CALLE DE LA CIERVA 9;08184;PALAU-SOLITA I PLEGAMANS;SPAIN;ES;STAHR FRANK;AM ZWINGER 15;34355;STAUFENBERG;GERMANY;DE;DAP;;Road;Road Shipment (house);;;Palau-solita I Plegamans;;ES;Staufenberg;;DE;N/A;;;0;0;0;0;0;0,92;106,00;;1;112,53;;122,05;1,06;;112,53;;;14/06/2024;14/06/2024;;18/06/2024;;;;;20/06/2024;Delivered/Closed;3060;POD Available
2024;2024/06;14/06/2024;Link Expired;"I24072201824; I24072201005";1000-0000-000.000;5012858595;2033625779306;;;NLRTM;NL;#####;##;KAMASKLO;VYSOKÉ MÝTO DRÁBY 890;566 01;VYSOKE MYTO-MESTO;CZECH REPUBLIC;CZ;Wio Eco;Calle de la Cierva 9;08184;PALAU-SOLITA I PLEGAMANS;SPAIN;ES;EXW;;Road;Road Shipment (house);;;Vysoke Myto-mesto;;CZ;Palau-solita I Plegamans;;ES;N/A;;;0;0;0;0;0;8,16;1.000,00;;5;520,16;;63,75;0,52;;104,032;14/06/2024;14/06/2024;18/06/2024;;;20/06/2024;24/06/2024;;;;27/06/2024;Delivered/Closed;3060;POD Available
2024;2024/06;18/06/2024;Link Expired;I24062207459;1000-0000-000.000;RWM003893926;;;10429;NLRTM;NL;#####;##;WIOECO DESIGN SL;CALLE DE LA CIERVA 9;08184;PALAU-SOLITA I PLEGAMANS;SPAIN;ES;HOLLANDS KRIS;6 WHITEBEAM CLOSE;RG22 5FH;BASINGSTOKE;UNITED KINGDOM;GB;DAP;;Road;Road Shipment (house);;;Palau-solita I Plegamans;;ES;Basingstoke;;GB;N/A;;;0;0;0;0;0;0,30;70,00;;1;108,22;;358,34;1,55;;108,22;;;;;;;19/06/2024;;;;;Arrived/Import Process;1410;Unloaded KN depot
2024;2024/06;26/06/2024;Link Expired;I24072203829;0101-7095-406.062-02;5012964681;2800004042408;;;DEBKB;DE;#####;##;BHS SPEDITION UND LOGISTIK GMB;LUDWIG-ERHARD-STR. 38;28197;BREMEN;GERMANY;DE;WIO;C/ DE LA CIERVA 9;08184;PALAU-SOLITA I PLEGAMANS;SPAIN;ES;EXW;;Road;Road Shipment (house);;;Bremen;;DE;Palau-solita I Plegamans;;ES;N/A;;;0;0;0;0;0;2,54;678,00;;2;211,84;;83,40;0,31;;105,92;;;26/06/2024;26/06/2024;;01/07/2024;28/06/2024;;;;03/07/2024;Delivered/Closed;3060;POD Available
2024;2024/06;26/06/2024;Link Expired;I24092207508;2220-8505-406.133-01;5012966181;;;"10429; RWM003893926";ESBCN;ES;#####;##;Wioeco Design S.L;Carrer De La Cierva 9;08184;PALAU-SOLITA I PLEGAMANS;SPAIN;ES;WIOECO DESIGN SL;CALLE DE LA CIERVA 9;08184;PALAU-SOLITA I PLEGAMANS;SPAIN;ES;EXW;;Road;Road Shipment (house);;;Palau-solita I Plegamans;;ES;Palau-solita I Plegamans;;ES;N/A;;;0;0;0;0;0;0,30;70,00;;1;74,26;;245,89;1,06;;74,26;26/06/2024;;;;;;;;;;27/06/2024;Delivered/Closed;3060;POD Available
2024;2024/07;05/07/2024;Link Expired;I24072204056;2220-7182-407.087-04;RWM003987396;;;0240168;ESBCN;ES;SKBTS;SK;WIOECO DESIGN SL;CALLE DE LA CIERVA 9;08184;PALAU-SOLITA I PLEGAMANS;SPAIN;ES;CRÉAQUARIUM;2 rue Charles Sandro;83136;GAREOULT;FRANCE;FR;DAP;;Road;Road Shipment (house);;;Palau-solita I Plegamans;;ES;Gareoult;;FR;N/A;;;0;0;0;0;0;2,59;1.200,00;;2;259,07;;99,95;0,22;;129,535;;;09/07/2024;09/07/2024;;11/07/2024;11/07/2024;;;;15/07/2024;Delivered/Closed;3060;POD Available
2024;2024/07;09/07/2024;Link Expired;I24072203542;2220-7277-407.068-01;5013087706;;;COMPLETO PW HOBBY - PL86;ESBCN;ES;#####;##;WIOECO DESIGN SL;CALLE DE LA CIERVA 9;08184;PALAU-SOLITA I PLEGAMANS;SPAIN;ES;P.W. Hobby Piotr Matuszewski;ul. Kobylarnia 20A;86-061;BRZOZA;POLAND;PL;DAP;;Road;Road Shipment (house);;;Palau-solita I Plegamans;;ES;Brzoza;;PL;N/A;;;0;0;0;0;0;;24.000,00;;33;2.600,00;;;0,11;;78,78787879;09/07/2024;;12/07/2024;;;11/07/2024;;;;;17/07/2024;Delivered/Closed;3000;Delivered to Consignee OK
2024;2024/08;01/08/2024;View in myKN Track;I24082202614;2220-7024-408.057-24;RWM004124264;;;AZAQUA;ESBCN;ES;#####;##;WIOECO DESIGN SL;CALLE DE LA CIERVA 9;08184;PALAU-SOLITA I PLEGAMANS;SPAIN;ES;AZAQUA;LANGE BAAN 8 C;8331 LW;STEENWIJK;NETHERLANDS;NL;DAP;;Road;Road Shipment (house);;;Palau-solita I Plegamans;;ES;Steenwijk;;NL;N/A;;;0;0;0;0;0;1,19;378,00;;1;116,56;;97,95;0,31;;116,56;;;05/08/2024;05/08/2024;;07/08/2024;09/08/2024;;;;09/08/2024;Delivered/Closed;3060;POD Available
2024;2024/08;01/08/2024;View in myKN Track;I24082202618;2220-7035-408.052-01;RWM004124192;0933625803630;;A240386;ESBCN;ES;DEBKB;DE;WIOECO DESIGN SL;CALLE DE LA CIERVA 9;08184;PALAU-SOLITA I PLEGAMANS;SPAIN;ES;E. A. EUROPEAN AQUARISTICS GMB;BHS SPEDITION UND LOGISTIK GMB;28197;BREMEN;GERMANY;DE;DAP;;Road;Road Shipment (house);;;Palau-solita I Plegamans;;ES;Bremen;;DE;N/A;;;0;0;0;0;0;1,10;360,00;;1;119,57;;108,31;0,33;;119,57;;;05/08/2024;05/08/2024;;07/08/2024;;;;;08/08/2024;Delivered/Closed;3000;Delivered to Consignee OK
2024;2024/08;01/08/2024;View in myKN Track;I24082203270;2220-7059-408.052-01;RWM004124171;;;SEAHORSE AQUARIUM;ESBCN;ES;#####;##;WIOECO DESIGN SL;CALLE DE LA CIERVA 9;08184;PALAU-SOLITA I PLEGAMANS;SPAIN;ES;SEAHORSE AQUARIUMS;BALLYMOUNT ROAD;;DUBLIN;IRELAND;IE;DAP;;Road;Road Shipment (house);;;Palau-solita I Plegamans;;ES;Dublin;;IE;N/A;;;0;0;0;0;0;7,64;4.067,00;;5;968,32;;126,73;0,24;;193,664;;;05/08/2024;08/08/2024;;07/08/2024;15/08/2024;;;;16/08/2024;Delivered/Closed;3060;POD Available
2024;2024/08;08/08/2024;View in myKN Track;I24092207505;1000-0000-000.000;5013343317;2033625808923;;TBC;NLRTM;NL;#####;##;KAMASKLO;VYSOKÉ MÝTO DRÁBY 890;566 01;VYSOKE MYTO-MESTO;CZECH REPUBLIC;CZ;Avenlux Almacen;C/ de la Cierva 9;08184;PALAU-SOLITÀ I PLEGAMANS;SPAIN;ES;EXW;;Road;Road Shipment (house);;;Vysoke Myto-mesto;;CZ;Palau-solità I Plegamans;;ES;N/A;;;0;0;0;0;0;6,53;600,00;;4;471,08;;72,16;0,79;;117,77;08/08/2024;16/08/2024;19/08/2024;;;22/08/2024;22/08/2024;;;;23/08/2024;Delivered/Closed;3060;POD Available
2024;2024/08;08/08/2024;View in myKN Track;I24092207506;2220-7013-408.052-01;RWM004157619;0933625807544;;;ESBCN;ES;#####;##;WIOECO DESIGN SL;CALLE DE LA CIERVA 9;08184;PALAU-SOLITA I PLEGAMANS;SPAIN;ES;STOXEL LTD;ODRIN 128 STR;1303;SOFIA;BULGARIA;BG;DAP;;Road;Road Shipment (house);;;Palau-solita I Plegamans;;ES;Sofia;;BG;N/A;;;0;0;0;0;0;0,65;254,00;;1;125,04;;191,49;0,49;;125,04;;;12/08/2024;12/08/2024;;16/08/2024;21/08/2024;;;;26/08/2024;Delivered/Closed;3060;POD Available
2024;2024/08;08/08/2024;View in myKN Track;I24082202709;2220-7035-408.054-01;RWM004157610;0933625806748;;;ESBCN;ES;DEBKB;DE;WIOECO DESIGN SL;CALLE DE LA CIERVA 9;08184;PALAU-SOLITA I PLEGAMANS;SPAIN;ES;BHS;LUDWIG-ERHARD-STRASSE 38;28197;BREMEN;GERMANY;DE;DAP;;Road;Road Shipment (house);;;Palau-solita I Plegamans;;ES;Bremen;;DE;N/A;;;0;0;0;0;0;1,06;583,00;;1;155,32;;147,08;0,27;;155,32;;;12/08/2024;12/08/2024;;14/08/2024;;;;;15/08/2024;Delivered/Closed;3000;Delivered to Consignee OK
2024;2024/08;08/08/2024;View in myKN Track;I24082203269;2220-7080-408.058-01;5013355253;;;;ESBCN;ES;#####;##;WIOECO DESIGN SL;CALLE DE LA CIERVA 9;08184;PALAU-SOLITA I PLEGAMANS;SPAIN;ES;PW HOBBY (ODDZIAŁ KOŁACZKOWO);UL. UŁAŃSKA 9,;89-200;KOLACZKOWO;POLAND;PL;DAP;;Road;Road Shipment (house);;;Palau-solita I Plegamans;;ES;Kolaczkowo;;PL;N/A;;;0;0;0;0;0;11,34;5.944,00;;6;944,59;;83,31;0,16;;157,4316667;08/08/2024;;;12/08/2024;;14/08/2024;14/08/2024;;;;14/08/2024;Delivered/Closed;3060;POD Available
2024;2024/08;08/08/2024;View in myKN Track;"I24092207507; I24102201296";2220-7091-408.055-01;RWM004157631;0933625806773;;;ESBCN;ES;#####;##;WIOECO DESIGN SL;CALLE DE LA CIERVA 9;08184;PALAU-SOLITA I PLEGAMANS;SPAIN;ES;AQUAART S.R.O;JÉGÉHO 6 BRATI 82108 BRATISLAVA II;821 08;BRATISLAVA;SLOVAKIA;SK;DAP;;Road;Road Shipment (house);;;Palau-solita I Plegamans;;ES;Bratislava;;SK;N/A;;;0;0;0;0;0;0,80;198,00;;1;166,30;;208,66;0,84;;166,3;;;12/08/2024;12/08/2024;;14/08/2024;15/08/2024;;;;27/08/2024;Delivered/Closed;3060;POD Available
2024;2024/08;09/08/2024;View in myKN Track;I24092200359;2220-8891-409.070-01;RWM004162822;;;;ESBCN;ES;#####;##;WIOECO DESIGN SL;CALLE DE LA CIERVA 9;08184;PALAU-SOLITA I PLEGAMANS;SPAIN;ES;DISTRI PROAN S L (NOVOPET);CALLE MORSE 38;28906;GETAFE;SPAIN;ES;DAP;;Road;Road Shipment (house);;;Palau-solita I Plegamans;;ES;Getafe;;ES;N/A;;;0;0;0;0;0;0,86;580,00;;1;111,00;;128,47;0,19;;111;;;12/08/2024;;;11/08/2024;;;;;14/08/2024;Delivered/Closed;3000;Delivered to Consignee OK
2024;2024/08;16/08/2024;View in myKN Track;I24082204258;1000-0000-000.000;RWM004193594;;;1231234;NLRTM;NL;#####;##;WIOECO DESIGN SL;CALLE DE LA CIERVA 9;08184;PALAU-SOLITA I PLEGAMANS;SPAIN;ES;PCJM CONCEPT - MOBILIÁRIO;RUA GENERAL HUMBERTO DELGADO 570;4765-089;OLIVEIRA SAO MATEUS;PORTUGAL;PT;DAP;;Road;Road Shipment (house);;;Palau-solita I Plegamans;;ES;Oliveira Sao Mateus;;PT;N/A;;;0;0;0;0;0;7,15;4.095,00;;4;435,23;;60,85;0,11;;108,8075;;;20/08/2024;20/08/2024;;23/08/2024;27/08/2024;;;;27/08/2024;Delivered/Closed;3000;Delivered to Consignee OK
2024;2024/08;22/08/2024;View in myKN Track;I24082204829;1000-0000-000.000;RWM004220687;0933625812269;;SO240207;NLRTM;NL;#####;##;WIOECO DESIGN SL;CALLE DE LA CIERVA 9;08184;PALAU-SOLITA I PLEGAMANS;SPAIN;ES;INVITAL ROSTLINNA-AKVARIA.CZ;JASELSKÁ 2942/31;746 01;OPAVA;CZECH REPUBLIC;CZ;DAP;;Road;Road Shipment (house);;;Palau-solita I Plegamans;;ES;Opava;;CZ;N/A;;;0;0;0;0;0;3,26;650,00;;2;284,78;;87,25;0,44;;142,39;;;;;;27/08/2024;29/08/2024;;;;02/09/2024;Delivered/Closed;3060;POD Available
2024;2024/08;22/08/2024;View in myKN Track;I24092207466;2220-7112-408.110-01;5013450596;;;;ESBCN;ES;GBBGK;GB;WIOECO DESIGN SL;CALLE DE LA CIERVA 9;08184;PALAU-SOLITA I PLEGAMANS;SPAIN;ES;J&K AQUATICS;MARKET WAY;TA6 6DF;NORTH PETHERTON;UNITED KINGDOM;GB;DAP;;Road;Road Shipment (house);;;Palau-solita I Plegamans;;ES;North Petherton;;GB;N/A;;;0;0;0;0;0;7,68;8.182,00;;8;757,16;;98,59;0,09;;94,645;22/08/2024;;23/08/2024;23/08/2024;;29/08/2024;;;29/08/2024;;03/09/2024;Delivered/Closed;3060;POD Available
2024;2024/08;28/08/2024;View in myKN Track;I24092207459;1000-0000-000.000;RWM004250760;0933625826073;;A240264;NLRTM;NL;#####;##;WIOECO DESIGN SL;CALLE DE LA CIERVA 9;08184;PALAU-SOLITA I PLEGAMANS;SPAIN;ES;AKVARIEBODEN AS;INDUSTRIVEIEN 10;4331;ALGARD;NORWAY;NO;DAP;;Road;Road Shipment (house);;;Palau-solita I Plegamans;;ES;Algard;;NO;N/A;;;0;0;0;0;0;1,34;120,00;;1;288,45;;214,62;2,40;;288,45;;;;;;21/09/2024;25/09/2024;;;;26/09/2024;Delivered/Closed;3000;Delivered to Consignee OK
2024;2024/09;02/09/2024;View in myKN Track;I24092202232;1000-0000-000.000;RWM004273504;;;;NLRTM;NL;#####;##;WIOECO DESIGN SL;CALLE DE LA CIERVA 9;08184;PALAU-SOLITA I PLEGAMANS;SPAIN;ES;NATTEC - WHOLESALE OF AQUARIUM;WROCŁAWSKA 33D;55-220;MILOSZYCE;POLAND;PL;DAP;;Road;Road Shipment (house);;;Palau-solita I Plegamans;;ES;Miloszyce;;PL;N/A;;;0;0;0;0;0;1,02;431,00;;1;154,21;;151,48;0,36;;154,21;;;;;;07/09/2024;11/09/2024;;;;11/09/2024;Delivered/Closed;3060;POD Available
2024;2024/09;12/09/2024;View in myKN Track;I24092203642;2220-7677-409.053-01;5013645787;;;CAMION COMPLETO ORIGEN POLONIA;ESBCN;ES;#####;##;KOSD WROCŁAW SPÓŁKA Z OGRANICZONĄ;KOMUNY PARYSKIEJ 50;55-050;SOBOTKA;POLAND;PL;WIOECO DESIGN SL;CALLE DE LA CIERVA 9;08184;PALAU-SOLITA I PLEGAMANS;SPAIN;ES;FCA;;Road;Road Shipment (house);;;Sobotka;;PL;Palau-solita I Plegamans;;ES;N/A;;;0;0;0;0;0;;20.000,00;;20;2.750,00;;;0,14;;137,5;12/09/2024;;13/09/2024;;;12/09/2024;;;;;18/09/2024;Delivered/Closed;3060;POD Available
2024;2024/09;17/09/2024;View in myKN Track;I24092207458;1000-0000-000.000;RWM004357082;;;SO240236;NLRTM;NL;#####;##;WIOECO DESIGN SL;CALLE DE LA CIERVA 9;08184;PALAU-SOLITA I PLEGAMANS;SPAIN;ES;REEF PARK;KANAŁOWA 35A,;87-100;TORUN;POLAND;PL;DAP;;Road;Road Shipment (house);;;Palau-solita I Plegamans;;ES;Torun;;PL;N/A;;;0;0;0;0;0;1,92;850,00;;1;260,92;;135,90;0,31;;260,92;;;;;;24/09/2024;25/09/2024;;;;25/09/2024;Delivered/Closed;3060;POD Available
2024;2024/09;18/09/2024;View in myKN Track;I24092207457;1000-0000-000.000;RWM004364776;;;A240474;NLRTM;NL;#####;##;WIOECO DESIGN SL;CALLE DE LA CIERVA 9;08184;PALAU-SOLITA I PLEGAMANS;SPAIN;ES;REEF PARK;KANAŁOWA 35A,;87-100;TORUN;POLAND;PL;DAP;;Road;Road Shipment (house);;;Palau-solita I Plegamans;;ES;Torun;;PL;N/A;;;0;0;0;0;0;0,86;150,00;;1;130,67;;151,24;0,87;;130,67;;;;;;24/09/2024;25/09/2024;;;;25/09/2024;Delivered/Closed;3060;POD Available
2024;2024/09;19/09/2024;View in myKN Track;I24092207456;2220-7112-409.113-01;RWM004365145;;;SO240220;ESBCN;ES;GBBGK;GB;WIOECO DESIGN SL;CALLE DE LA CIERVA 9;08184;PALAU-SOLITA I PLEGAMANS;SPAIN;ES;J & K AQUATICS - WHOLESALE AQUATIC;MARKET WAY;TA6 6DF;NORTH PETHERTON;UNITED KINGDOM;GB;DAP;;Road;Road Shipment (house);;;Palau-solita I Plegamans;;ES;North Petherton;;GB;N/A;;;0;0;0;0;0;9,79;3.869,00;;6;1.034,71;;105,67;0,27;;172,4516667;;;23/09/2024;23/09/2024;;25/09/2024;;;27/09/2024;;30/09/2024;Delivered/Closed;3060;POD Available
2024;2024/09;25/09/2024;View in myKN Track;I24102208734;0101-7095-409.065-01;5013777668;2800004044798;;"REF: EUROPEAN AQUARISTICS SPAIN; TBC";DEBKB;DE;#####;##;BHS SPEDITION UND LOGISTIK GMB;LUDWIG-ERHARD-STR. 38;28197;BREMEN;GERMANY;DE;AVENLUX GLOBAL SL;CARRER DE LA CIERVA 9;08184;PALAU-SOLITA I PLEGAMANS;SPAIN;ES;EXW;;Road;Road Shipment (house);;;Bremen;;DE;Palau-solita I Plegamans;;ES;N/A;;;0;0;0;0;0;2,04;810,00;;1;176,14;;86,34;0,22;;176,14;;;26/09/2024;26/09/2024;;02/10/2024;30/09/2024;;;;03/10/2024;Delivered/Closed;3060;POD Available
2024;2024/10;03/10/2024;View in myKN Track;I24102208563;1000-0000-000.000;RWM004445651;0933625834636;;A240506;NLRTM;NL;#####;##;WIOECO DESIGN SL;CALLE DE LA CIERVA 9;08184;PALAU-SOLITA I PLEGAMANS;SPAIN;ES;MACRANDA SRL;STRADA LIVEZII 63;400139;CLUJ-NAPOCA;ROMANIA;RO;DAP;;Road;Road Shipment (house);;;Palau-solita I Plegamans;;ES;Cluj-napoca;;RO;N/A;;;0;0;0;0;0;0,38;46,00;;1;102,46;;266,82;2,23;;102,46;;;;;;08/10/2024;10/10/2024;;;;11/10/2024;Delivered/Closed;3060;POD Available
2024;2024/10;04/10/2024;View in myKN Track;I24102208560;1000-0000-000.000;RWM004446990;;;"A240508; IOR:000";NLRTM;NL;GBBGK;GB;WIOECO DESIGN SL;CALLE DE LA CIERVA 9;08184;PALAU-SOLITA I PLEGAMANS;SPAIN;ES;J & K AQUATICS LTD;MARKET WAY;TA6 6DF;BRIDGWATER;UNITED KINGDOM;GB;DAP;;Road;Road Shipment (house);;;Palau-solita I Plegamans;;ES;Bridgwater;;GB;N/A;;;0;0;0;0;0;1,23;357,00;;1;251,34;;204,51;0,70;;251,34;30/10/2024;;;;;08/10/2024;04/10/2024;;29/10/2024;;30/10/2024;Delivered/Closed;3000;Delivered to Consignee OK
2024;2024/10;10/10/2024;View in myKN Track;I24102208547;2220-7018-410.063-02;RWM004482636;0933625838886;;;ESBCN;ES;#####;##;WIOECO DESIGN SL;CALLE DE LA CIERVA 9;08184;PALAU-SOLITA I PLEGAMANS;SPAIN;ES;STÖCKL SPOL. S.R.O.;NAD OBCÍ I 33;140 00;PRAGUE;CZECH REPUBLIC;CZ;DAP;;Road;Road Shipment (house);;;Palau-solita I Plegamans;;ES;Prague;;CZ;N/A;;;0;0;0;0;0;0,38;32,50;;1;67,65;;176,17;2,08;;67,65;;;11/10/2024;11/10/2024;;15/10/2024;16/10/2024;;;;17/10/2024;Delivered/Closed;3060;POD Available
2024;2024/10;10/10/2024;View in myKN Track;I24102208562;2220-7080-410.058-02;RWM004485084;;;A240534;ESBCN;ES;#####;##;WIOECO DESIGN SL;CALLE DE LA CIERVA 9;08184;PALAU-SOLITA I PLEGAMANS;SPAIN;ES;P.W. HOBBY PIOTR MATUSZEWSKI;UŁAŃSKA 9;89-200;SZUBIN;POLAND;PL;DAP;;Road;Road Shipment (house);;;Palau-solita I Plegamans;;ES;Szubin;;PL;N/A;;;0;0;0;0;0;4,55;2.961,00;;3;696,37;;153,05;0,24;;232,1233333;;;11/10/2024;11/10/2024;;17/10/2024;17/10/2024;;;;17/10/2024;Delivered/Closed;3060;POD Available
2024;2024/10;14/10/2024;View in myKN Track;I24102208736;2220-7059-410.059-01;RWM004499781;0933625840941;;A240537-38;ESBCN;ES;#####;##;WIOECO DESIGN SL;CALLE DE LA CIERVA 9;08184;PALAU-SOLITA I PLEGAMANS;SPAIN;ES;SEAHORSE AQUARIUMS LTD;22 IE UNIT 3, ST JOAN?S IND ES;DUBLIN22;DUBLIN 22;IRELAND;IE;DAP;;Road;Road Shipment (house);;;Palau-solita I Plegamans;;ES;Dublin 22;;IE;N/A;;;0;0;0;0;0;3,53;1.907,00;;3;572,93;;162,17;0,30;;190,9766667;;;16/10/2024;16/10/2024;;18/10/2024;23/10/2024;;;;24/10/2024;Delivered/Closed;3000;Delivered to Consignee OK
2024;2024/10;17/10/2024;View in myKN Track;I24102208540;2220-7163-410.060-01;5014015288;0933625841555;;;ESBCN;ES;DEHHV;DE;WIOECO DESIGN SL;CALLE DE LA CIERVA 9;08184;PALAU-SOLITA I PLEGAMANS;SPAIN;ES;E. A. EUROPEAN AQUARISTICS GMB;DEICHSTR. 189;27804;BERNE;GERMANY;DE;DAP;;Road;Road Shipment (house);;;Palau-solita I Plegamans;;ES;Berne;;DE;N/A;;;0;0;0;0;0;3,36;2.360,00;;2;475,06;;141,39;0,20;;237,53;17/10/2024;;18/10/2024;06/11/2024;;19/10/2024;;;;;;Delivered/Closed;3055;Done by forwarding
2024;2024/10;17/10/2024;View in myKN Track;I24112207237;2220-8505-410.121-01;5014015265;;;A240535;ESBCN;ES;#####;##;E. A. EUROPEAN AQUARISTICS GMBH;Deichstr. 189;27804;BERNE;GERMANY;DE;WIOECO DESIGN SL;CALLE DE LA CIERVA 9;08184;PALAU-SOLITA I PLEGAMANS;SPAIN;ES;EXW;;Road;Road Shipment (house);;;Berne;;DE;Palau-solita I Plegamans;;ES;N/A;;;0;0;0;0;0;3,36;2.360,00;;2;31,51;;9,38;0,01;;15,755;17/10/2024;;;;;;;;;;18/10/2024;Delivered/Closed;3060;POD Available
2024;2024/10;21/10/2024;View in myKN Track;I24102208533;2220-7020-410.055-01;RWM004541389;0933625844210;;A240551;ESBCN;ES;#####;##;WIOECO DESIGN SL;CALLE DE LA CIERVA 9;08184;PALAU-SOLITA I PLEGAMANS;SPAIN;ES;INVITAL ROSTLINNA-AKVARIA.CZ;JASELSKÁ 2942/31;746 01;OPAVA;CZECH REPUBLIC;CZ;DAP;;Road;Road Shipment (house);;;Palau-solita I Plegamans;;ES;Opava;;CZ;N/A;;;0;0;0;0;0;2,51;1.560,00;;2;408,47;;163,00;0,26;;204,235;;;22/10/2024;22/10/2024;;24/10/2024;29/10/2024;;;;30/10/2024;Delivered/Closed;3060;POD Available
2024;2024/10;22/10/2024;View in myKN Track;I24102208528;1000-0000-000.000;RWM004550107;;;A240550;NLRTM;NL;#####;##;WIOECO DESIGN SL;CALLE DE LA CIERVA 9;08184;PALAU-SOLITA I PLEGAMANS;SPAIN;ES;NATTEC - WHOLESALE OF AQUARIUM;WROCŁAWSKA 33D;55-220;MILOSZYCE;POLAND;PL;DAP;;Road;Road Shipment (house);;;Palau-solita I Plegamans;;ES;Miloszyce;;PL;N/A;;;0;0;0;0;0;1,57;756,00;;1;203,34;;129,93;0,27;;203,34;;;;;;26/10/2024;30/10/2024;;;;30/10/2024;Delivered/Closed;3060;POD Available
2024;2024/11;04/11/2024;View in myKN Track;I24112207236;2220-7112-411.073-06;RWM004614854;;;S0240272;ESBCN;ES;GBBGK;GB;WIOECO DESIGN SL;CALLE DE LA CIERVA 9;08184;PALAU-SOLITA I PLEGAMANS;SPAIN;ES;J & K AQUATICS LTD;MARKET WAY;TA6 6DF;BRIDGWATER;UNITED KINGDOM;GB;DAP;;Road;Road Shipment (house);;;Palau-solita I Plegamans;;ES;Bridgwater;;GB;N/A;;;0;0;0;0;0;34,85;9.262,00;;9;1.299,03;;37,28;0,14;;144,3366667;19/11/2024;;07/11/2024;07/11/2024;;14/11/2024;;;18/11/2024;;20/11/2024;Delivered/Closed;3060;POD Available
2024;2024/11;06/11/2024;View in myKN Track;I24112201578;2220-7024-411.066-02;RWM004634953;;;A240575;ESBCN;ES;#####;##;WIOECO DESIGN SL;CALLE DE LA CIERVA 9;08184;PALAU-SOLITA I PLEGAMANS;SPAIN;ES;BIOTOPO;OOSTERSCHELDEKERING 9 ARNHEM 9;6846 AP;ARNHEM;NETHERLANDS;NL;DAP;;Road;Road Shipment (house);;;Palau-solita I Plegamans;;ES;Arnhem;;NL;N/A;;;0;0;0;0;0;0,45;67,00;;1;62,69;;139,93;0,94;;62,69;;;07/11/2024;07/11/2024;;12/11/2024;12/11/2024;;;;20/11/2024;Delivered/Closed;3060;POD Available
2024;2024/11;07/11/2024;View in myKN Track;I24112201581;1000-0000-000.000;RWM004644198;;;A240576;NLRTM;NL;#####;##;WIOECO DESIGN SL;CALLE DE LA CIERVA 9;08184;PALAU-SOLITA I PLEGAMANS;SPAIN;ES;DE WASE VIJVERWINKEL;HEIHOEKSTRAAT 223;9100;SINT-NIKLAAS;BELGIUM;BE;DAP;;Road;Road Shipment (house);;;Palau-solita I Plegamans;;ES;Sint-niklaas;;BE;N/A;;;0;0;0;0;0;0,86;405,00;;1;127,20;;147,22;0,31;;127,2;;;;;;09/11/2024;12/11/2024;;;;;Arrived/Import Process;1410;Unloaded KN depot
2024;2024/11;08/11/2024;View in myKN Track;I24112204866;1000-0000-000.000;RWM004651735;;;"A240577; V";NLRTM;NL;#####;##;WIOECO DESIGN SL;CALLE DE LA CIERVA 9;08184;PALAU-SOLITA I PLEGAMANS;SPAIN;ES;AZAQUA;LANGE BAAN 8 C;8331 LW;STEENWIJK;NETHERLANDS;NL;DAP;;Road;Road Shipment (house);;;Palau-solita I Plegamans;;ES;Steenwijk;;NL;N/A;;;0;0;0;0;0;0,88;360,00;;1;114,84;;130,06;0,32;;114,84;;;;;;13/11/2024;14/11/2024;;;;18/11/2024;Delivered/Closed;3060;POD Available
2024;2024/11;12/11/2024;View in myKN Track;I24112204865;1000-0000-000.000;RWM004659139;0933625855256;;A240581;NLRTM;NL;#####;##;WIOECO DESIGN SL;CALLE DE LA CIERVA 9;08184;PALAU-SOLITA I PLEGAMANS;SPAIN;ES;JON HANSSON;KLØVERVÆNGET 4 KASTRUP;2770;KASTRUP;DENMARK;DK;DAP;;Road;Road Shipment (house);;;Palau-solita I Plegamans;;ES;Kastrup;;DK;N/A;;;0;0;0;0;0;0,74;120,00;;1;130,46;;175,35;1,09;;130,46;;;;;;18/11/2024;18/11/2024;;;;19/11/2024;Delivered/Closed;3060;POD Available
2024;2024/11;14/11/2024;View in myKN Track;I24112204862;2220-7185-411.063-10;5014290227;;;A240576;ESBCN;ES;#####;##;WIOECO DESIGN SL;CALLE DE LA CIERVA 9;08184;PALAU-SOLITA I PLEGAMANS;SPAIN;ES;DE WASE VIJVERWINKEL;HEIHOEKSTRAAT 223;9100;SINT-NIKLAAS;BELGIUM;BE;DAP;;Road;Road Shipment (house);;;Palau-solita I Plegamans;;ES;Sint-niklaas;;BE;N/A;;;0;0;0;0;0;0,86;405,00;;1;127,20;;147,22;0,31;;127,2;14/11/2024;;;;;15/11/2024;19/11/2024;;;;21/11/2024;Delivered/Closed;3060;POD Available
2024;2024/11;19/11/2024;View in myKN Track;I24112205655;1000-0000-000.000;RWM004708896;;;A240601;NLRTM;NL;#####;##;WIOECO DESIGN SL;CALLE DE LA CIERVA 9;08184;PALAU-SOLITA I PLEGAMANS;SPAIN;ES;PETER VAN KOOTEN;PLASWEG 62;3768 AN;SOEST;NETHERLANDS;NL;DAP;;Road;Road Shipment (house);;;Palau-solita I Plegamans;;ES;Soest;;NL;N/A;;;0;0;0;0;0;0,19;89,00;;1;56,80;;295,83;0,64;;56,8;;;;;;23/11/2024;26/11/2024;;;;29/11/2024;Delivered/Closed;3060;POD Available
2024;2024/11;20/11/2024;View in myKN Track;I24112207235;2220-7057-411.072-01;RWM004717848;0933625860773;;A240604;ESBCN;ES;#####;##;WIOECO DESIGN SL;CALLE DE LA CIERVA 9;08184;PALAU-SOLITA I PLEGAMANS;SPAIN;ES;GREEN AQUA KFT;THAN KAROLY STREET 1119 BUDAPEST HU;1119;BUDAPEST;HUNGARY;HU;DAP;;Road;Road Shipment (house);;;Palau-solita I Plegamans;;ES;Budapest;;HU;N/A;;;0;0;0;0;0;0,91;445,00;;1;141,07;;154,68;0,32;;141,07;;;21/11/2024;21/11/2024;;23/11/2024;27/11/2024;;;;28/11/2024;Delivered/Closed;3000;Delivered to Consignee OK
2024;2024/11;22/11/2024;View in myKN Track;I25012202542;1000-0000-000.000;RWM004730595;0933625864079;;A240609;NLRTM;NL;#####;##;WIOECO DESIGN SL;CALLE DE LA CIERVA 9;08184;PALAU-SOLITA I PLEGAMANS;SPAIN;ES;DANTE APPELGREN;6700 LIMITA TA BINGEMMA , BEERSHEBA;RBT 1000;IR-RABAT;MALTA;MT;DAP;;Road;Road Shipment (house);;;Palau-solita I Plegamans;;ES;Ir-rabat;;MT;N/A;;;0;0;0;0;0;0,05;10,00;;1;78,04;;1.472,45;7,80;;78,04;;;;;;24/01/2025;10/12/2024;;;;;Delivered/Closed;3060;POD Available
2024;2024/11;25/11/2024;View in myKN Track;I25012202539;1000-0000-000.000;RWM004743767;0933625864064;;A240618;NLRTM;NL;#####;##;WIOECO DESIGN SL;CALLE DE LA CIERVA 9;08184;PALAU-SOLITA I PLEGAMANS;SPAIN;ES;ROGER ANDERSSON;FRIDHEMSTORGET 22, LGH 1203;217 53;MALMÖ;SWEDEN;SE;DAP;;Road;Road Shipment (house);;;Palau-solita I Plegamans;;ES;Malmö;;SE;N/A;;;0;0;0;0;0;0,19;57,00;;1;80,17;;417,55;1,41;;80,17;;;;;;29/11/2024;05/12/2024;;;;10/01/2025;Delivered/Closed;3000;Delivered to Consignee OK
2024;2024/11;25/11/2024;View in myKN Track;I25012202540;1000-0000-000.000;RWM004736932;0933625866655;;A240612;NLRTM;NL;#####;##;WIOECO DESIGN SL;CALLE DE LA CIERVA 9;08184;PALAU-SOLITA I PLEGAMANS;SPAIN;ES;FORAGROBIO;SUMSKA 9/3-1 SUBÓTICA 0;24000;SUBOTICA;SERBIA;RS;DAP;;Road;Road Shipment (house);;;Palau-solita I Plegamans;;ES;Subotica;;RS;N/A;;;0;0;0;0;0;2,06;830,00;;1;404,18;;195,82;0,49;;404,18;;;;;;17/12/2024;16/12/2024;;18/12/2024;;18/12/2024;Delivered/Closed;3060;POD Available
2024;2024/11;26/11/2024;View in myKN Track;I24122201796;1000-0000-000.000;RWM004751657;;;A240621;NLRTM;NL;#####;##;WIOECO DESIGN SL;CALLE DE LA CIERVA 9;08184;PALAU-SOLITA I PLEGAMANS;SPAIN;ES;THOMAS JESPERS;RUE BODEGHEM 43A;1000;BRUXELLES;BELGIUM;BE;DAP;;Road;Road Shipment (house);;;Palau-solita I Plegamans;;ES;Bruxelles;;BE;N/A;;;0;0;0;0;0;0,38;30,00;;1;66,20;;172,40;2,21;;66,2;;;;;;04/12/2024;03/12/2024;;;;05/12/2024;Delivered/Closed;3000;Delivered to Consignee OK
2024;2024/11;26/11/2024;View in myKN Track;I25012202538;1000-0000-000.000;RWM004750319;0935503368747;;A240620;NLRTM;NL;#####;##;WIOECO DESIGN SL;CALLE DE LA CIERVA 9;08184;PALAU-SOLITA I PLEGAMANS;SPAIN;ES;AQUAART S.R.O;SLADKOVI?OVA 12 LIPANY 1;082 71;LIPANY;SLOVAKIA;SK;DAP;;Road;Road Shipment (house);;;Palau-solita I Plegamans;;ES;Lipany;;SK;N/A;;;0;0;0;0;0;0,19;64,00;;1;83,38;;434,27;1,30;;83,38;;;;;;06/12/2024;05/12/2024;;;;10/12/2024;Delivered/Closed;3060;POD Available
2024;2024/11;28/11/2024;View in myKN Track;I25012202550;1000-0000-000.000;RWM004764096;0933625868325;;A240627;NLRTM;NL;#####;##;WIOECO DESIGN SL;CALLE DE LA CIERVA 9;08184;PALAU-SOLITA I PLEGAMANS;SPAIN;ES;JOSE FLUXA;SÖDRA KUNGSGATAN 30B GÄVLE, GÄ;802 52;GÄVLE;SWEDEN;SE;DAP;;Road;Road Shipment (house);;;Palau-solita I Plegamans;;ES;Gävle;;SE;N/A;;;0;0;0;0;0;0,31;50,00;;1;139,26;;446,35;2,79;;139,26;;;;;;06/12/2024;10/12/2024;;;;16/12/2024;Delivered/Closed;3060;POD Available
2024;2024/12;02/12/2024;View in myKN Track;I25012202549;1000-0000-000.000;RWM004785422;0933625868316;;A240643;NLRTM;NL;#####;##;WIOECO DESIGN SL;CALLE DE LA CIERVA 9;08184;PALAU-SOLITA I PLEGAMANS;SPAIN;ES;FREDRIK UTTERBÄCK;BJÖRKMANSGATAN 14 ÖREBRO;702 86;ÖREBRO;SWEDEN;SE;DAP;;Road;Road Shipment (house);;;Palau-solita I Plegamans;;ES;Örebro;;SE;N/A;;;0;0;0;0;0;0,21;100,00;;1;108,02;;524,37;1,08;;108,02;;;;;;06/12/2024;10/12/2024;;;;16/12/2024;Delivered/Closed;3060;POD Available
2024;2024/12;03/12/2024;View in myKN Track;I24122204686;2220-8891-412.213-01;RWM004778149;;;DE ENTREGA: 24-495;ESBCN;ES;#####;##;ARIDS PER A LA INDUSTRIA I LA;CARRER DOMENECH I MONTANER 8 NAVE;08191;RUBI;SPAIN;ES;Wioeco Design S.L;Carrer De La Cierva 9;08184;PALAU-SOLITA I PLEGAMANS;SPAIN;ES;DAP;;Road;Road Shipment (house);;;Rubi;;ES;Palau-solita I Plegamans;;ES;N/A;;;0;0;0;0;0;1,15;1.200,00;;1;85,75;;74,44;0,07;;85,75;;;04/12/2024;;;03/12/2024;;;;;05/12/2024;Delivered/Closed;3000;Delivered to Consignee OK
2024;2024/12;09/12/2024;View in myKN Track;I24122204667;1000-0000-000.000;RWM004825329;0933625871371;;A240650;NLRTM;NL;#####;##;WIOECO DESIGN SL;CALLE DE LA CIERVA 9;08184;PALAU-SOLITA I PLEGAMANS;SPAIN;ES;SALON HOYRY OY;HORNINKATU 11B;24100;SALO;FINLAND;FI;DAP;;Road;Road Shipment (house);;;Palau-solita I Plegamans;;ES;Salo;;FI;N/A;;;0;0;0;0;0;1,15;635,00;;1;296,95;;257,77;0,47;;296,95;;;;;;16/12/2024;15/12/2024;;;;17/12/2024;Delivered/Closed;3000;Delivered to Consignee OK
2024;2024/12;10/12/2024;View in myKN Track;I24122204435;1000-0000-000.000;RWM004838907;;;A240656;NLRTM;NL;#####;##;WIOECO DESIGN SL;CALLE DE LA CIERVA 9;08184;PALAU-SOLITA I PLEGAMANS;SPAIN;ES;NATTEC - WHOLESALE OF AQUARIUM;WROCŁAWSKA 33D;55-220;MILOSZYCE;POLAND;PL;DAP;;Road;Road Shipment (house);;;Palau-solita I Plegamans;;ES;Miloszyce;;PL;N/A;;;0;0;0;0;0;1,44;800,00;;1;203,34;;141,21;0,25;;203,34;;;;;;14/12/2024;18/12/2024;;;;18/12/2024;Delivered/Closed;3060;POD Available
2024;2024/12;10/12/2024;View in myKN Track;I25012205291;1000-0000-000.000;RWM004838851;0933625872041;;A240657;NLRTM;NL;#####;##;WIOECO DESIGN SL;CALLE DE LA CIERVA 9;08184;PALAU-SOLITA I PLEGAMANS;SPAIN;ES;SEAHORSE AQUARIUMS LTD;22 IE UNIT 3, ST JOAN?S IND ES;DUBLIN22;DUBLIN 22;IRELAND;IE;DAP;;Road;Road Shipment (house);;;Palau-solita I Plegamans;;ES;Dublin 22;;IE;N/A;;;0;0;0;0;0;1,06;213,00;;1;224,18;;212,29;1,05;;224,18;;;;;;13/12/2024;20/12/2024;;;;23/12/2024;Delivered/Closed;3000;Delivered to Consignee OK
2024;2024/12;16/12/2024;View in myKN Track;I24122204615;1000-0000-000.000;RWM004871223;0933625874933;;;NLRTM;NL;#####;##;WIOECO DESIGN SL;CALLE DE LA CIERVA 9;08184;PALAU-SOLITA I PLEGAMANS;SPAIN;ES;INVITAL ROSTLINNA-AKVARIA.CZ;JASELSKÁ 2942/31;746 01;OPAVA;CZECH REPUBLIC;CZ;DAP;;Road;Road Shipment (house);;;Palau-solita I Plegamans;;ES;Opava;;CZ;N/A;;;0;0;0;0;0;3,22;1.900,00;;2;485,06;;150,83;0,26;;242,53;;;;;;19/12/2024;20/12/2024;;;;07/01/2025;Delivered/Closed;3060;POD Available
2024;2024/12;17/12/2024;View in myKN Track;I25012206509;0101-7095-501.051-04;RWM004860206;2800004047920;;;DEBKB;DE;#####;##;E. A. EUROPEAN AQUARISTICS GMB;LUDWIG-ERHARD-STR. 38;28197;BREMEN;GERMANY;DE;WIOECO DESIGN SL;CALLE DE LA CIERVA 9;08184;PALAU-SOLITA I PLEGAMANS;SPAIN;ES;EXW;;Road;Road Shipment (house);;;Bremen;;DE;Palau-solita I Plegamans;;ES;N/A;;;0;0;0;0;0;0,86;325,00;;1;127,45;;148,20;0,39;;127,45;;;03/01/2025;03/01/2025;;10/01/2025;10/01/2025;;;;16/01/2025;Delivered/Closed;3060;POD Available
2024;2024/12;18/12/2024;View in myKN Track;I25012206262;2220-7112-501.074-03;RWM004879058;;;SO240293;ESBCN;ES;GBBGK;GB;WIOECO DESIGN SL;CALLE DE LA CIERVA 9;08184;PALAU-SOLITA I PLEGAMANS;SPAIN;ES;J & K AQUATICS - WHOLESALE AQUATIC;MARKET WAY;TA6 6DF;NORTH PETHERTON;UNITED KINGDOM;GB;DAP;;Road;Road Shipment (house);;;Palau-solita I Plegamans;;ES;North Petherton;;GB;N/A;;;0;0;0;0;0;8,59;4.584,00;;5;1.241,29;;144,47;0,27;;248,258;;;20/12/2024;20/12/2024;;14/01/2025;;;17/01/2025;;17/01/2025;Delivered/Closed;3060;POD Available
2024;2024/12;19/12/2024;View in myKN Track;I25012203338;2220-7166-501.051-01;RWM004889158;0933625875920;;A240675;ESBCN;ES;#####;##;WIOECO DESIGN SL;CALLE DE LA CIERVA 9;08184;PALAU-SOLITA I PLEGAMANS;SPAIN;ES;ROCK AND ROOTS;LINDENSTRASSE 2;93164;LAABER;GERMANY;DE;DAP;;Road;Road Shipment (house);;;Palau-solita I Plegamans;;ES;Laaber;;DE;N/A;;;0;0;0;0;0;3,51;1.916,00;;2;402,42;;114,52;0,21;;201,21;;;23/12/2024;23/12/2024;;02/01/2025;;;;;08/01/2025;Delivered/Closed;3000;Delivered to Consignee OK
2025;2025/01;02/01/2025;View in myKN Track;I25012203337;2220-8891-501.130-01;5014697571;;;;ESBCN;ES;#####;##;WIOECO DESIGN SL;CALLE DE LA CIERVA 9;08184;PALAU-SOLITA I PLEGAMANS;SPAIN;ES;Tecenvas S.L.;Camino Leñadores 1;30120;EL PALMAR;SPAIN;ES;DAP;;Road;Road Shipment (house);;;Palau-solita I Plegamans;;ES;El Palmar;;ES;N/A;;;0;0;0;0;0;10,08;9.000,00;;6;750,00;;74,40;0,08;;125;02/01/2025;;03/01/2025;;;02/01/2025;;;;;07/01/2025;Delivered/Closed;3060;POD Available
2025;2025/01;02/01/2025;View in myKN Track;I25012205838;2220-8891-501.190-01;5014697694;;;;ESBCN;ES;#####;##;WIOECO DESIGN SL;CALLE DE LA CIERVA 9;08184;PALAU-SOLITA I PLEGAMANS;SPAIN;ES;WIO ECO;C/DE LA CIERVA 9,;08184;PALAU-SOLITA I PLEGAMANS;SPAIN;ES;DAP;;Road;Road Shipment (house);;;Palau-solita I Plegamans;;ES;Palau-solita I Plegamans;;ES;N/A;;;0;0;0;0;0;1,68;1.500,00;;1;129,18;;76,89;0,09;;129,18;02/01/2025;;22/01/2025;;;02/01/2025;;;;;23/01/2025;Delivered/Closed;3060;POD Available
2025;2025/01;03/01/2025;View in myKN Track;I25012205911;1000-0000-000.000;RWM004902910;0933625878624;;A250685;NLRTM;NL;#####;##;WIOECO DESIGN SL;CALLE DE LA CIERVA 9;08184;PALAU-SOLITA I PLEGAMANS;SPAIN;ES;PROFESSIONAL SUPPORT, S.R.O;JINONICKA 80;158 00;PRAGUE;CZECH REPUBLIC;CZ;DAP;;Road;Road Shipment (house);;;Palau-solita I Plegamans;;ES;Prague;;CZ;N/A;;;0;0;0;0;0;1,10;325,00;;1;114,15;;103,40;0,35;;114,15;;;;;;09/01/2025;14/01/2025;;;;15/01/2025;Delivered/Closed;3060;POD Available
2025;2025/01;08/01/2025;View in myKN Track;I25012206263;2220-7084-501.056-03;RWM004928596;;;PHILIPPE CABIROL;ESBCN;ES;#####;##;WIOECO DESIGN SL;CALLE DE LA CIERVA 9;08184;PALAU-SOLITA I PLEGAMANS;SPAIN;ES;PCJM CONCEPT - MOBILIÁRIO;RUA GENERAL HUMBERTO DELGADO 570;4765-089;OLIVEIRA SAO MATEUS;PORTUGAL;PT;DAP;;Road;Road Shipment (house);;;Palau-solita I Plegamans;;ES;Oliveira Sao Mateus;;PT;N/A;;;0;0;0;0;0;5,95;2.946,00;;3;396,28;;66,58;0,13;;132,0933333;;;09/01/2025;09/01/2025;;13/01/2025;14/01/2025;;;;14/01/2025;Delivered/Closed;3060;POD Available
2025;2025/01;09/01/2025;View in myKN Track;I25012205169;2220-7185-501.064-01;RWM004936581;;;A250021;ESBCN;ES;#####;##;WIOECO DESIGN SL;CALLE DE LA CIERVA 9;08184;PALAU-SOLITA I PLEGAMANS;SPAIN;ES;DE WASE VIJVERWINKEL;HEIHOEKSTRAAT 223;9100;SINT-NIKLAAS;BELGIUM;BE;DAP;;Road;Road Shipment (house);;;Palau-solita I Plegamans;;ES;Sint-niklaas;;BE;N/A;;;0;0;0;0;0;1,63;1.100,00;;1;196,84;;120,61;0,18;;196,84;;;10/01/2025;10/01/2025;;11/01/2025;14/01/2025;;;;23/01/2025;Delivered/Closed;3060;POD Available
2025;2025/01;10/01/2025;View in myKN Track;I25012203336;2220-8891-501.144-01;5014764957;;;;ESBCN;ES;#####;##;WIOECO DESIGN SL;CALLE DE LA CIERVA 9;08184;PALAU-SOLITA I PLEGAMANS;SPAIN;ES;Tecenvas S.L.;Camino Leñadores 1;30120;EL PALMAR;SPAIN;ES;DAP;;Road;Road Shipment (house);;;Palau-solita I Plegamans;;ES;El Palmar;;ES;N/A;;;0;0;0;0;0;10,08;9.000,00;;6;800,00;;79,37;0,09;;133,3333333;10/01/2025;;13/01/2025;;;12/01/2025;;;;;14/01/2025;Delivered/Closed;3060;POD Available
2025;2025/01;15/01/2025;View in myKN Track;I25012205839;2220-8891-501.194-01;5014810186;;;;ESBCN;ES;#####;##;WIOECO DESIGN SL;CALLE DE LA CIERVA 9;08184;PALAU-SOLITA I PLEGAMANS;SPAIN;ES;WIOECO DESIGN SL;CALLE DE LA CIERVA 9;08184;PALAU-SOLITA I PLEGAMANS;SPAIN;ES;DAP;;Road;Road Shipment (house);;;Palau-solita I Plegamans;;ES;Palau-solita I Plegamans;;ES;N/A;;;0;0;0;0;0;5,04;4.500,00;;3;400,00;;79,37;0,09;;133,3333333;15/01/2025;;15/01/2025;;;14/01/2025;;;;;24/01/2025;Delivered/Closed;3060;POD Available
2025;2025/01;23/01/2025;View in myKN Track;I25012206506;2220-8891-501.259-01;RWM005021546;;;;ESBCN;ES;#####;##;WIOECO DESIGN SL;CALLE DE LA CIERVA 9;08184;PALAU-SOLITA I PLEGAMANS;SPAIN;ES;Tecenvas S.L.;Camino Leñadores 1;30120;EL PALMAR;SPAIN;ES;DAP;;Road;Road Shipment (house);;;Palau-solita I Plegamans;;ES;El Palmar;;ES;N/A;;;0;0;0;0;0;0,58;220,00;;1;79,33;;137,73;0,36;;79,33;;;24/01/2025;;;23/01/2025;;;;;28/01/2025;Delivered/Closed;3000;Delivered to Consignee OK
2025;2025/01;31/01/2025;View in myKN Track;I25022201670;2220-7024-502.055-09;RWM005071495;;;A250051;ESBCN;ES;#####;##;WIOECO DESIGN SL;CALLE DE LA CIERVA 9;08184;PALAU-SOLITA I PLEGAMANS;SPAIN;ES;AZAQUA;LANGE BAAN 8 C;8331 LW;STEENWIJK;NETHERLANDS;NL;DAP;;Road;Road Shipment (house);;;Palau-solita I Plegamans;;ES;Steenwijk;;NL;N/A;;;0;0;0;0;0;1,59;892,00;;1;200,32;;125,67;0,22;;200,32;;;04/02/2025;04/02/2025;;05/02/2025;06/02/2025;;;;07/02/2025;Delivered/Closed;3060;POD Available
2025;2025/01;31/01/2025;View in myKN Track;I25022201672;2220-7035-502.051-01;RWM005071919;0933625894127;;A250044;ESBCN;ES;DEBKB;DE;WIOECO DESIGN SL;CALLE DE LA CIERVA 9;08184;PALAU-SOLITA I PLEGAMANS;SPAIN;ES;E. A. EUROPEAN AQUARISTICS GMB;LUDWIG-ERHARD-STR. 38;28197;BREMEN;GERMANY;DE;DAP;;Road;Road Shipment (house);;;Palau-solita I Plegamans;;ES;Bremen;;DE;N/A;;;0;0;0;0;0;3,34;1.920,00;;3;451,12;;135,03;0,23;;150,3733333;;;04/02/2025;04/02/2025;;05/02/2025;;;;;06/02/2025;Delivered/Closed;3000;Delivered to Consignee OK
2025;2025/02;03/02/2025;View in myKN Track;I25022201671;1000-0000-000.000;RWM005081152;0933625894820;;A250058;NLRTM;NL;#####;##;WIOECO DESIGN SL;CALLE DE LA CIERVA 9;08184;PALAU-SOLITA I PLEGAMANS;SPAIN;ES;HENNING JENSEN;BIRKEVANG 34;2640;HEDEHUSENE;DENMARK;DK;DAP;;Road;Road Shipment (house);;;Palau-solita I Plegamans;;ES;Hedehusene;;DK;N/A;;;0;0;0;0;0;0,22;60,00;;1;70,84;;327,96;1,18;;70,84;;;;10/02/2025;;07/02/2025;07/02/2025;;;;10/02/2025;Delivered/Closed;3060;POD Available
2025;2025/02;11/02/2025;View in myKN Track;I25022206318;2220-7020-502.055-01;RWM005129681;0933625902569;;A250074;ESBCN;ES;#####;##;WIOECO DESIGN SL;CALLE DE LA CIERVA 9;08184;PALAU-SOLITA I PLEGAMANS;SPAIN;ES;INVITAL ROSTLINNA-AKVARIA.CZ;JASELSKÁ 2942/31;746 01;OPAVA;CZECH REPUBLIC;CZ;DAP;;Road;Road Shipment (house);;;Palau-solita I Plegamans;;ES;Opava;;CZ;N/A;;;0;0;0;0;0;3,17;1.700,00;;2;452,79;;142,93;0,27;;226,395;;;18/02/2025;18/02/2025;;20/02/2025;21/02/2025;;;;24/02/2025;Delivered/Closed;3060;POD Available
2025;2025/02;18/02/2025;View in myKN Track;I25032205268;2220-7080-502.067-02;RWM005171331;0933625902594;;A250088;ESBCN;ES;#####;##;WIOECO DESIGN SL;CALLE DE LA CIERVA 9;08184;PALAU-SOLITA I PLEGAMANS;SPAIN;ES;P.W. HOBBY PIOTR MATUSZEWSKI;KOBYLARNIA 20A;86-061;KOBYLARNIA;POLAND;PL;DAP;;Road;Road Shipment (house);;;Palau-solita I Plegamans;;ES;Kobylarnia;;PL;N/A;;;0;0;0;0;0;1,73;900,00;;1;244,54;;141,52;0,27;;244,54;;;20/02/2025;20/02/2025;;22/02/2025;24/02/2025;;;;24/02/2025;Delivered/Closed;3060;POD Available
2025;2025/02;18/02/2025;View in myKN Track;I25022206309;2220-7091-502.063-01;RWM005174149;0933625902591;;A250089;ESBCN;ES;#####;##;WIOECO DESIGN SL;CALLE DE LA CIERVA 9;08184;PALAU-SOLITA I PLEGAMANS;SPAIN;ES;AQUAART S.R.O;SLÁDKOVIČOVA 12 LIPANY 1;082 71;LIPANY;SLOVAKIA;SK;DAP;;Road;Road Shipment (house);;;Palau-solita I Plegamans;;ES;Lipany;;SK;N/A;;;0;0;0;0;0;0,36;42,00;;1;117,02;;324,16;2,79;;117,02;;;20/02/2025;20/02/2025;;24/02/2025;21/02/2025;;;;25/02/2025;Delivered/Closed;3060;POD Available
2025;2025/02;21/02/2025;View in myKN Track;I25022206310;1000-0000-000.000;RWM005201031;;;A250098;NLRTM;NL;SKBTS;SK;WIOECO DESIGN SL;CALLE DE LA CIERVA 9;08184;PALAU-SOLITA I PLEGAMANS;SPAIN;ES;SÉBASTIEN BOZONE;19 RUE LASZLO BIRO ARCHAMPS;74160;ARCHAMPS;FRANCE;FR;DAP;;Road;Road Shipment (house);;;Palau-solita I Plegamans;;ES;Archamps;;FR;N/A;;;0;0;0;0;0;0,19;12,00;;1;57,30;;298,44;4,78;;57,3;;;;;;25/02/2025;25/02/2025;;;;05/03/2025;Delivered/Closed;3000;Delivered to Consignee OK
2025;2025/02;21/02/2025;View in myKN Track;I25022207049;1000-0000-000.000;RWM005201095;;;A250097;NLRTM;NL;#####;##;WIOECO DESIGN SL;CALLE DE LA CIERVA 9;08184;PALAU-SOLITA I PLEGAMANS;SPAIN;ES;JOEY RELOUW;HEREMIET 1,;4814 SJ;BREDA;NETHERLANDS;NL;DAP;;Road;Road Shipment (house);;;Palau-solita I Plegamans;;ES;Breda;;NL;N/A;;;0;0;0;0;0;0,78;70,00;;1;94,92;;121,69;1,36;;94,92;;;;;;26/02/2025;27/02/2025;;;;28/02/2025;Delivered/Closed;3060;POD Available
2025;2025/02;24/02/2025;View in myKN Track;I25032205313;1000-0000-000.000;RWM005210385;0933625907524;;A250105;NLRTM;NL;#####;##;WIOECO DESIGN SL;CALLE DE LA CIERVA 9;08184;PALAU-SOLITA I PLEGAMANS;SPAIN;ES;FRODE GRINDHAUG MELING;VOLLSOYKROKEN 3;4180;KVITSOEY;NORWAY;NO;DAP;;Road;Road Shipment (house);;;Palau-solita I Plegamans;;ES;Kvitsoey;;NO;N/A;;;0;0;0;0;0;0,43;50,00;;1;198,70;;459,95;3,97;;198,7;;;;;;28/02/2025;05/03/2025;;11/03/2025;;12/03/2025;Delivered/Closed;3000;Delivered to Consignee OK
2025;2025/02;25/02/2025;View in myKN Track;I25022207048;1000-0000-000.000;RWM005216509;;;A250109;NLRTM;NL;#####;##;WIOECO DESIGN SL;CALLE DE LA CIERVA 9;08184;PALAU-SOLITA I PLEGAMANS;SPAIN;ES;FRANK KOPER;KROMBOOMSVELD 20;2041 GE;ZANDVOORT;NETHERLANDS;NL;DAP;;Road;Road Shipment (house);;;Palau-solita I Plegamans;;ES;Zandvoort;;NL;N/A;;;0;0;0;0;0;0,38;30,00;;1;77,13;;200,86;2,57;;77,13;;;;;;05/03/2025;04/03/2025;;;;05/03/2025;Delivered/Closed;3060;POD Available
2025;2025/03;06/03/2025;View in myKN Track;I25032208522;0101-7059-503.052-01;5015346436;2800004050646;;1003887681;DEBKB;DE;#####;##;BHS SPEDITION & LOGISTIK;LUDWIG-ERHARD-STR. 38;28197;BREMEN;GERMANY;DE;SEAHORSE AQUARIUMS LTD;22 IE UNIT 3, ST JOAN?S IND ES;DUBL22;DUBLIN 22;IRELAND;IE;DAP;;Road;Road Shipment (house);;;Bremen;;DE;Dublin 22;;IE;N/A;;;0;0;0;0;0;1,44;655,00;;1;314,54;;218,43;0,48;;314,54;06/03/2025;;21/03/2025;21/03/2025;;24/03/2025;31/03/2025;;;;01/04/2025;Delivered/Closed;3060;POD Available
2025;2025/03;07/03/2025;View in myKN Track;I25032208520;2220-7024-503.060-06;RWM005288933;;;SO250021;ESBCN;ES;#####;##;WIOECO DESIGN SL;CALLE DE LA CIERVA 9;08184;PALAU-SOLITA I PLEGAMANS;SPAIN;ES;SMULDERS B.V.;BURGEMEESTER VISSCHERSSTRAAT 128;6235 AA;ULESTRATEN;NETHERLANDS;NL;DAP;;Road;Road Shipment (house);;;Palau-solita I Plegamans;;ES;Ulestraten;;NL;N/A;;;0;0;0;0;0;5,47;3.600,00;;2;601,08;;109,85;0,17;;300,54;;;;;;12/03/2025;13/03/2025;;;;14/03/2025;Delivered/Closed;3060;POD Available
2025;2025/03;17/03/2025;View in myKN Track;I25032205317;1000-0000-000.000;RWM005345654;;;A250145;NLRTM;NL;#####;##;WIOECO DESIGN SL;CALLE DE LA CIERVA 9;08184;PALAU-SOLITA I PLEGAMANS;SPAIN;ES;SMULDERS B.V.;BURGEMEESTER VISSCHERSSTRAAT 128;6235 EM;ULESTRATEN;NETHERLANDS;NL;DAP;;Road;Road Shipment (house);;;Palau-solita I Plegamans;;ES;Ulestraten;;NL;N/A;;;0;0;0;0;0;3,65;200,00;;2;266,93;;73,17;1,33;;133,465;;;;;;19/03/2025;20/03/2025;;;;21/03/2025;Delivered/Closed;3060;POD Available
2025;2025/03;18/03/2025;View in myKN Track;I25032205312;1000-0000-000.000;RWM005353320;;;A250146;NLRTM;NL;#####;##;WIOECO DESIGN SL;CALLE DE LA CIERVA 9;08184;PALAU-SOLITA I PLEGAMANS;SPAIN;ES;AZAQUA;LANGE BAAN 8 C;8331 LW;STEENWIJK;NETHERLANDS;NL;DAP;;Road;Road Shipment (house);;;Palau-solita I Plegamans;;ES;Steenwijk;;NL;N/A;;;0;0;0;0;0;0,20;40,00;;1;61,97;;314,57;1,55;;61,97;;;;;;27/03/2025;25/03/2025;;;;28/03/2025;Delivered/Closed;3000;Delivered to Consignee OK
2025;2025/03;26/03/2025;View in myKN Track;I25042205046;2220-7112-504.051-03;RWM005403657;;;SO250014;ESBCN;ES;GBBGK;GB;WIOECO DESIGN SL;CALLE DE LA CIERVA 9;08184;PALAU-SOLITA I PLEGAMANS;SPAIN;ES;J&K Aquatics Ltd.;Market Way;TA6 6DF;SOMERSET;UNITED KINGDOM;GB;DAP;;Road;Road Shipment (house);;;Palau-solita I Plegamans;;ES;Somerset;;GB;N/A;;;0;0;0;0;0;7,30;3.400,00;;4;817,87;;112,10;0,24;;204,4675;03/04/2025;;26/03/2025;26/03/2025;;01/04/2025;;;03/04/2025;;07/04/2025;Delivered/Closed;3060;POD Available
2025;2025/03;28/03/2025;View in myKN Track;I25042202019;2220-7024-504.054-02;RWM005428106;0933625926042;;A250161;ESBCN;ES;#####;##;WIOECO DESIGN SL;CALLE DE LA CIERVA 9;08184;PALAU-SOLITA I PLEGAMANS;SPAIN;ES;MARK-JAN FIOOLE;GERARD DOULAAN 84 AMSTELVEEN;1181 VT;AMSTELVEEN;NETHERLANDS;NL;DAP;;Road;Road Shipment (house);;;Palau-solita I Plegamans;;ES;Amstelveen;;NL;N/A;;;0;0;0;0;0;0,48;300,00;;1;168,39;;350,81;0,56;;168,39;;;01/04/2025;01/04/2025;;03/04/2025;04/04/2025;;;;08/04/2025;Delivered/Closed;3060;POD Available
2025;2025/03;28/03/2025;View in myKN Track;I25042206350;2220-7080-504.051-01;RWM005429617;0933625925150;;A250162;ESBCN;ES;#####;##;WIOECO DESIGN SL;CALLE DE LA CIERVA 9;08184;PALAU-SOLITA I PLEGAMANS;SPAIN;ES;P.W. HOBBY PIOTR MATUSZEWSKI;KOBYLARNIA 20A;86-061;KOBYLARNIA;POLAND;PL;DAP;;Road;Road Shipment (house);;;Palau-solita I Plegamans;;ES;Kobylarnia;;PL;N/A;;;0;0;0;0;0;0,96;414,00;;1;177,52;;184,92;0,43;;177,52;;;01/04/2025;01/04/2025;;02/04/2025;04/04/2025;;;;04/04/2025;Delivered/Closed;3060;POD Available
2025;2025/03;31/03/2025;View in myKN Track;I25042206348;1000-0000-000.000;RWM005438023;0933625926748;;A250164;NLRTM;NL;#####;##;WIOECO DESIGN SL;CALLE DE LA CIERVA 9;08184;PALAU-SOLITA I PLEGAMANS;SPAIN;ES;MACRANDA SRL;STRADA LIVEZII 63;400139;CLUJ-NAPOCA;ROMANIA;RO;DAP;;Road;Road Shipment (house);;;Palau-solita I Plegamans;;ES;Cluj-napoca;;RO;N/A;;;0;0;0;0;0;0,29;25,00;;1;89,12;;309,44;3,56;;89,12;;;;;;04/04/2025;09/04/2025;;;;09/04/2025;Delivered/Closed;3060;POD Available
2025;2025/03;31/03/2025;View in myKN Track;I25042206349;1000-0000-000.000;RWM005436458;0933625926052;;A250163;NLRTM;NL;#####;##;WIOECO DESIGN SL;CALLE DE LA CIERVA 9;08184;PALAU-SOLITA I PLEGAMANS;SPAIN;ES;STEPHEN ROOTE;1 DUN NA RI, SWORDS ROAD MALAH;DUBLIN;DUBLIN;IRELAND;IE;DAP;;Road;Road Shipment (house);;;Palau-solita I Plegamans;;ES;Dublin;;IE;N/A;;;0;0;0;0;0;0,26;60,00;;1;73,35;;277,84;1,22;;73,35;;;;;;03/04/2025;08/04/2025;;;;09/04/2025;Delivered/Closed;3000;Delivered to Consignee OK
2025;2025/04;03/04/2025;View in myKN Track;I25042206355;1000-0000-000.000;RWM005460963;;;A250166;NLRTM;NL;GBBGK;GB;WIOECO DESIGN SL;CALLE DE LA CIERVA 9;08184;PALAU-SOLITA I PLEGAMANS;SPAIN;ES;J&K Aquatics Ltd.;Market Way;TA6 6DF;BRIDGWATER;UNITED KINGDOM;GB;DAP;;Road;Road Shipment (house);;;Palau-solita I Plegamans;;ES;Bridgwater;;GB;N/A;;;0;0;0;0;0;0,91;430,00;;1;264,57;;290,10;0,62;;264,57;;;09/04/2025;;;09/04/2025;04/04/2025;;10/04/2025;;11/04/2025;Delivered/Closed;3060;POD Available
2025;2025/04;07/04/2025;View in myKN Track;I25042203718;1000-0000-000.000;RWM005488271;0933625929991;;A250173;NLRTM;NL;DEBKB;DE;WIOECO DESIGN SL;CALLE DE LA CIERVA 9;08184;PALAU-SOLITA I PLEGAMANS;SPAIN;ES;E. A. EUROPEAN AQUARISTICS GMB;LUDWIG-ERHARD-STR. 38;28197;BREMEN;GERMANY;DE;DAP;;Road;Road Shipment (house);;;Palau-solita I Plegamans;;ES;Bremen;;DE;N/A;;;0;0;0;0;0;2,14;1.390,00;;2;315,78;;147,49;0,23;;157,89;;;;;;10/04/2025;07/04/2025;;;;;Delivered/Closed;3060;POD Available
2025;2025/04;08/04/2025;View in myKN Track;"I25042203717; I25052204287";1000-0000-000.000;RWM005494008;;;A250176;NLRTM;NL;#####;##;WIOECO DESIGN SL;CALLE DE LA CIERVA 9;08184;PALAU-SOLITA I PLEGAMANS;SPAIN;ES;FRANK KOPER;KROMBOOMSVELD 20;2041 GE;ZANDVOORT;NETHERLANDS;NL;DAP;;Road;Road Shipment (house);;;Palau-solita I Plegamans;;ES;Zandvoort;;NL;N/A;;;0;0;0;0;0;0,29;43,00;;1;76,97;;267,26;1,79;;76,97;;;;;;12/04/2025;15/04/2025;;;;16/04/2025;Delivered/Closed;3060;POD Available
2025;2025/04;11/04/2025;View in myKN Track;I25042206351;2220-7020-504.053-01;RWM005523856;0933625933163;;A250179;ESBCN;ES;#####;##;WIOECO DESIGN SL;CALLE DE LA CIERVA 9;08184;PALAU-SOLITA I PLEGAMANS;SPAIN;ES;INVITAL ROSTLINNA-AKVARIA.CZ;JASELSKÁ 2942/31;746 01;OPAVA;CZECH REPUBLIC;CZ;DAP;;Road;Road Shipment (house);;;Palau-solita I Plegamans;;ES;Opava;;CZ;N/A;;;0;0;0;0;0;3,26;1.650,00;;2;452,79;;138,72;0,27;;226,395;;;14/04/2025;14/04/2025;;16/04/2025;17/04/2025;;;;22/04/2025;Delivered/Closed;3060;POD Available
2025;2025/04;29/04/2025;View in myKN Track;I25052201386;1000-0000-000.000;RWM005620174;;;A250204;NLRTM;NL;#####;##;WIOECO DESIGN SL;CALLE DE LA CIERVA 9;08184;PALAU-SOLITA I PLEGAMANS;SPAIN;ES;PATRICK MOERLAND;PROFESSOR KAME 298 SCHIEDAM, ZUID-H;3112 VM;SCHIEDAM;NETHERLANDS;NL;DAP;;Road;Road Shipment (house);;;Palau-solita I Plegamans;;ES;Schiedam;;NL;N/A;;;0;0;0;0;0;0,20;61,00;;1;61,05;;302,23;1,00;;61,05;;;;;;03/05/2025;06/05/2025;;;;07/05/2025;Delivered/Closed;3060;POD Available
2025;2025/04;30/04/2025;View in myKN Track;I25062208254;2220-7024-505.058-01;RWM005628150;;;A250206;ESBCN;ES;#####;##;WIOECO DESIGN SL;CALLE DE LA CIERVA 9;08184;PALAU-SOLITA I PLEGAMANS;SPAIN;ES;SMULDERS B.V.;BURGEMEESTER VISSCHERSSTRAAT 128;6235 EM;ULESTRATEN;NETHERLANDS;NL;DAP;;Road;Road Shipment (house);;;Palau-solita I Plegamans;;ES;Ulestraten;;NL;N/A;;;0;0;0;0;0;7,62;4.868,00;;5;679,49;;89,14;0,14;;135,898;;;02/05/2025;06/05/2025;;08/05/2025;12/05/2025;;;;15/05/2025;Delivered/Closed;3060;POD Available
2025;2025/04;30/04/2025;View in myKN Track;I25052201387;2220-7316-505.051-01;5015937865;;;;ESBCN;ES;#####;##;WIOECO DESIGN SL;CALLE DE LA CIERVA 9;08184;PALAU-SOLITA I PLEGAMANS;SPAIN;ES;AKVARIEIMPORTEN I SKÅNE AB;HÄSSLEHOLMSVÄGEN 50;284 34;PERSTORP;SWEDEN;SE;DAP;;Road;Road Shipment (house);;;Palau-solita I Plegamans;;ES;Perstorp;;SE;N/A;;;0;0;0;0;0;8,64;4.500,00;;5;1.090,00;;126,16;0,24;;218;30/04/2025;;02/05/2025;02/05/2025;;01/05/2025;;;;;09/05/2025;Delivered/Closed;3060;POD Available
2025;2025/05;02/05/2025;View in myKN Track;I25052201905;2220-8891-505.114-01;5015948954;;;REF: 3364810 / 83762710;ESBCN;ES;#####;##;EUROARCE MINERÍA, S.A.;CTRA. SG-332 KM. 9,6;40470;NAVAS DE ORO;SPAIN;ES;Wio / Avenlux;C/ De La Cierva 9;08184;PALAU-SOLITA I PLEGAMANS;SPAIN;ES;DAP;;Road;Road Shipment (house);;;Navas De Oro;;ES;Palau-solita I Plegamans;;ES;N/A;;;0;0;0;0;0;120,00;1.500,00;;3;489,17;;4,08;0,33;;163,0566667;02/05/2025;;07/05/2025;;;04/05/2025;;;;;09/05/2025;Delivered/Closed;3000;Delivered to Consignee OK
2025;2025/05;20/05/2025;View in myKN Track;I25062208251;2220-7080-505.071-03;RWM005744345;;;SO250056;ESBCN;ES;#####;##;WIOECO DESIGN SL;CALLE DE LA CIERVA 9;08184;PALAU-SOLITA I PLEGAMANS;SPAIN;ES;P.W. HOBBY PIOTR MATUSZEWSKI;KOBYLARNIA;86-061;KOBYLARNIA;POLAND;PL;DAP;;Road;Road Shipment (house);;;Palau-solita I Plegamans;;ES;Kobylarnia;;PL;N/A;;;0;0;0;0;0;2,43;1.370,00;;2;420,67;;173,19;0,31;;210,335;;;21/05/2025;21/05/2025;;28/05/2025;29/05/2025;;;;29/05/2025;Delivered/Closed;3060;POD Available
2025;2025/05;23/05/2025;View in myKN Track;I25052207192;2220-8891-505.275-01;RWM005771368;;;SO250038;ESBCN;ES;#####;##;WIOECO DESIGN SL;CALLE DE LA CIERVA 9;08184;PALAU-SOLITA I PLEGAMANS;SPAIN;ES;Hagen Espana;Av Beniparrell 11;46460;SILLA;SPAIN;ES;DAP;;Road;Road Shipment (house);;;Palau-solita I Plegamans;;ES;Silla;;ES;N/A;;;0;0;0;0;0;12,24;7.200,00;;6;308,54;;25,21;0,04;;51,42333333;;;26/05/2025;;;25/05/2025;;;;;27/05/2025;Delivered/Closed;3060;POD Available
2025;2025/06;02/06/2025;View in myKN Track;I25062205548;2220-8891-506.220-01;5016258700;;;LACER 73000690;ESBCN;ES;#####;##;WIOECO DESIGN SL;CALLE DE LA CIERVA 9;08184;PALAU-SOLITA I PLEGAMANS;SPAIN;ES;WIOECO DESIGN SL;CALLE DE LA CIERVA 9;08184;PALAU-SOLITA I PLEGAMANS;SPAIN;ES;DAP;;Road;Road Shipment (house);;;Palau-solita I Plegamans;;ES;Palau-solita I Plegamans;;ES;N/A;;;0;0;0;0;0;76,03;24.000,00;;33;900,00;;11,84;0,04;;27,27272727;02/06/2025;;17/06/2025;;;16/06/2025;;;;;18/06/2025;Delivered/Closed;3060;POD Available
2025;2025/06;04/06/2025;View in myKN Track;I25062203521;2220-7040-506.057-11;RWM005848777;0933304505003;;SO250057;ESBCN;ES;DEBKB;DE;WIOECO DESIGN SL;CALLE DE LA CIERVA 9;08184;PALAU-SOLITA I PLEGAMANS;SPAIN;ES;E. A. EUROPEAN AQUARISTICS GMB;BHS SPEDITION UND LOGISTIK GMB;28197;BREMEN;GERMANY;DE;DAP;;Road;Road Shipment (house);;;Palau-solita I Plegamans;;ES;Bremen;;DE;N/A;;;0;0;0;0;0;4,92;1.445,00;;3;378,07;;76,92;0,26;;126,0233333;;;05/06/2025;05/06/2025;;11/06/2025;;;;;13/06/2025;Delivered/Closed;3060;POD Available
2025;2025/06;05/06/2025;View in myKN Track;I25062208253;1000-0000-000.000;5016312206;;;;NLRTM;NL;#####;##;WIOECO DESIGN SL;CALLE DE LA CIERVA 9;08184;PALAU-SOLITA I PLEGAMANS;SPAIN;ES;P.W. Hobby Piotr Matuszewski;ul. Kobylarnia 20A;86-061;BRZOZA;POLAND;PL;DAP;;Road;Road Shipment (house);;;Palau-solita I Plegamans;;ES;Brzoza;;PL;N/A;;;0;0;0;0;0;0,48;110,00;;1;102,86;;214,29;0,94;;102,86;05/06/2025;;;;;10/06/2025;11/06/2025;;;;12/06/2025;Delivered/Closed;3060;POD Available
2025;2025/06;11/06/2025;View in myKN Track;I25062208252;0101-7059-506.051-01;5016362997;2800004053917;;REF: 2025 -10546 / 6772;DEBKB;DE;#####;##;BHS SPEDITION UND LOGISTIK GMB;LUDWIG-ERHARD-STR. 38;28197;BREMEN;GERMANY;DE;SEAHORSE AQUARIUMS LTD;22 IE UNIT 3, ST JOAN?S IND ES;DUBLIN;SWORDS;IRELAND;IE;DAP;;Road;Road Shipment (house);;;Bremen;;DE;Swords;;IE;N/A;;;0;0;0;0;0;4,49;1.960,00;;2;406,53;;90,54;0,21;;203,265;11/06/2025;;16/06/2025;16/06/2025;;16/06/2025;19/06/2025;;;;20/06/2025;Delivered/Closed;3000;Delivered to Consignee OK
2025;2025/06;17/06/2025;View in myKN Track;I25062205545;1000-0000-000.000;RWM005924559;;;A250255;NLRTM;NL;#####;##;WIOECO DESIGN SL;CALLE DE LA CIERVA 9;08184;PALAU-SOLITA I PLEGAMANS;SPAIN;ES;AZAQUA;LANGE BAAN 8 C;8331 LW;STEENWIJK;NETHERLANDS;NL;DAP;;Road;Road Shipment (house);;;Palau-solita I Plegamans;;ES;Steenwijk;;NL;N/A;;;0;0;0;0;0;1,54;200,00;;1;147,40;;95,96;0,74;;147,4;;;;;;24/06/2025;24/06/2025;;;;25/06/2025;Delivered/Closed;3000;Delivered to Consignee OK
2025;2025/06;17/06/2025;View in myKN Track;I25062205546;1000-0000-000.000;RWM005923748;0933625967331;;A250254;NLRTM;NL;#####;##;WIOECO DESIGN SL;CALLE DE LA CIERVA 9;08184;PALAU-SOLITA I PLEGAMANS;SPAIN;ES;CARSTEN DAMSGAARD;DYBDALGÅRDVEJ 155 RINGE;5750;RINGE;DENMARK;DK;DAP;;Road;Road Shipment (house);;;Palau-solita I Plegamans;;ES;Ringe;;DK;N/A;;;0;0;0;0;0;0,30;90,00;;1;70,57;;236,81;0,78;;70,57;;;;24/06/2025;;24/06/2025;24/06/2025;;;;25/06/2025;Delivered/Closed;3060;POD Available
;;;;;;;;;;;;;;;;;;;;;;;;;;;;;;;;;;;;;;;;;;;;;;;;;;;;;;;;;;;;;;;;;;;;;